objective,dimensionality,population_size,num_iterations
rastrigin,3,50,150
selection,crossover,mutation,crossover_prob,mutation_prob,best_value,average_value_top_80,median_value,stddev_value,average_time_ms
Tournament (k=2),Arithmetic,Gaussian,0.40000,0.02000,000.00000000,000.01049998,000.00778770,000.13193078,000.19
Tournament (k=2),Arithmetic,Gaussian,0.40755,0.04336,000.00000000,000.00152721,000.00153542,000.00616633,000.21
Tournament (k=2),Arithmetic,Gaussian,0.42308,0.03476,000.00000000,000.00226383,000.00164986,000.09992415,000.22
Tournament (k=2),Arithmetic,Gaussian,0.43920,0.02786,000.00000000,000.00421216,000.00406170,000.02099401,000.24
Tournament (k=2),Arithmetic,Gaussian,0.41524,0.09399,000.00000000,000.00004020,000.00002289,000.00040608,000.27
Tournament (k=2),Arithmetic,Gaussian,0.46455,0.04842,000.00000000,000.00084190,000.00079918,000.00704932,000.24
Tournament (k=2),Arithmetic,Gaussian,0.45594,0.02234,000.00000000,000.00857484,000.00722218,000.16241087,000.27
Tournament (k=2),Arithmetic,Gaussian,0.48225,0.03882,000.00000000,000.00125222,000.00122166,000.00862363,000.25
Tournament (k=2),Arithmetic,Gaussian,0.43107,0.07535,000.00000000,000.00008390,000.00007534,000.00138658,000.31
Tournament (k=2),Arithmetic,Gaussian,0.44749,0.06040,000.00000000,000.00049973,000.00053024,000.00329472,000.30
Tournament (k=2),Arithmetic,Gaussian,0.40000,0.11724,000.00000000,000.00001917,000.00001526,000.00061460,000.33
Tournament (k=2),Arithmetic,Gaussian,0.47332,0.10497,000.00000000,000.00001075,000.00000954,000.00009672,000.30
Tournament (k=2),Arithmetic,Gaussian,0.45594,0.13095,000.00000000,000.00003140,000.00002384,000.00095389,000.32
Tournament (k=2),Arithmetic,Gaussian,0.49135,0.08415,000.00000000,000.00003257,000.00002289,000.00055119,000.27
Tournament (k=2),Arithmetic,Gaussian,0.50063,0.03112,000.00000000,000.00270858,000.00235939,000.05530033,000.28
Tournament (k=2),Arithmetic,Gaussian,0.42308,0.20375,000.00015259,000.00459805,000.00459385,000.01377788,000.38
Tournament (k=2),Arithmetic,Gaussian,0.40000,0.02114,000.00000000,000.01221466,000.00741482,000.17425422,000.18
Tournament (k=2),Arithmetic,Gaussian,0.40755,0.25416,000.00043869,000.01961834,000.02163506,000.04167443,000.42
Tournament (k=2),Arithmetic,Gaussian,0.43920,0.16334,000.00000572,000.00044894,000.00046253,000.00118476,000.43
Tournament (k=2),Arithmetic,Gaussian,0.46455,0.28387,000.00090790,000.02748773,000.03121376,000.07234210,000.40
Tournament (k=2),Arithmetic,Gaussian,0.40755,0.04582,000.00000000,000.00099323,000.00099087,000.01150926,000.19
Tournament (k=2),Arithmetic,Gaussian,0.43920,0.02945,000.00000000,000.00468316,000.00338650,000.03524727,000.18
Tournament (k=2),Arithmetic,Gaussian,0.42308,0.03673,000.00000000,000.00162308,000.00142574,000.01875017,000.20
Tournament (k=2),Arithmetic,Gaussian,0.45594,0.02361,000.00000000,000.00452752,000.00296783,000.07356597,000.21
Tournament (k=2),Arithmetic,Gaussian,0.50063,0.18243,000.00000763,000.00175059,000.00171089,000.00607290,000.42
Tournament (k=2),Arithmetic,Gaussian,0.41524,0.09933,000.00000000,000.00002668,000.00001812,000.00020973,000.26
Tournament (k=2),Arithmetic,Gaussian,0.48225,0.04103,000.00000000,000.00102434,000.00062752,000.01382294,000.24
Tournament (k=2),Arithmetic,Gaussian,0.46455,0.05118,000.00000000,000.00049858,000.00029755,000.00742221,000.26
Tournament (k=2),Arithmetic,Gaussian,0.48225,0.22757,000.00008774,000.00868585,000.01106548,000.10177451,000.51
Tournament (k=2),Arithmetic,Gaussian,0.44749,0.06384,000.00000000,000.00017900,000.00012875,000.00217732,000.27
Tournament (k=2),Arithmetic,Gaussian,0.40000,0.12391,000.00000000,000.00001767,000.00001431,000.00023155,000.26
Tournament (k=2),Arithmetic,Gaussian,0.40000,0.02234,000.00000000,000.00857134,000.00888729,000.11835910,000.19
Tournament (k=2),Arithmetic,Gaussian,0.43107,0.07963,000.00000000,000.00010326,000.00010109,000.00135007,000.32
Tournament (k=2),Arithmetic,Gaussian,0.40755,0.04842,000.00000000,000.00072222,000.00054264,000.00792466,000.20
Tournament (k=2),Arithmetic,Gaussian,0.47332,0.11094,000.00000000,000.00002382,000.00001335,000.00029097,000.32
Tournament (k=2),Arithmetic,Gaussian,0.50063,0.03289,000.00000000,000.00243695,000.00138092,000.01604821,000.27
Tournament (k=2),Arithmetic,Gaussian,0.45594,0.13839,000.00000000,000.00006478,000.00004864,000.00057347,000.30
Tournament (k=2),Arithmetic,Gaussian,0.49135,0.08894,000.00000000,000.00002704,000.00001431,000.00031120,000.30
Tournament (k=2),Arithmetic,Gaussian,0.42308,0.21533,000.00012779,000.00720477,000.00805092,000.03780423,000.32
Tournament (k=2),Arithmetic,Gaussian,0.42308,0.03882,000.00000000,000.00209801,000.00209522,000.02690043,000.20
Tournament (k=2),Arithmetic,Gaussian,0.43920,0.03112,000.00000000,000.00374684,000.00305653,000.02731710,000.23
Tournament (k=2),Arithmetic,Gaussian,0.51971,0.02495,000.00000000,000.00549593,000.00539303,000.07786788,000.24
Tournament (k=2),Arithmetic,Gaussian,0.45594,0.02495,000.00000000,000.00436151,000.00261593,000.11558999,000.25
Tournament (k=2),Arithmetic,Gaussian,0.51008,0.06746,000.00000000,000.00011899,000.00009346,000.00193055,000.32
Tournament (k=2),Arithmetic,Gaussian,0.48225,0.04336,000.00000000,000.00077374,000.00061512,000.00829018,000.20
Tournament (k=2),Arithmetic,Gaussian,0.46455,0.30000,000.00045013,000.03862669,000.04121780,000.14522867,000.42
Tournament (k=2),Arithmetic,Gaussian,0.40755,0.26861,000.00017548,000.02287848,000.02270412,000.17725214,000.44
Tournament (k=2),Arithmetic,Gaussian,0.52952,0.05408,000.00000000,000.00045397,000.00027657,000.00535092,000.29
Tournament (k=2),Arithmetic,Gaussian,0.53951,0.02000,000.00000000,000.00792570,000.00909615,000.21733548,000.27
Tournament (k=2),Arithmetic,Gaussian,0.41524,0.10497,000.00000000,000.00003998,000.00002861,000.00124813,000.26
Tournament (k=2),Arithmetic,Gaussian,0.43920,0.17262,000.00001144,000.00083814,000.00085258,000.00409009,000.47
Tournament (k=2),Arithmetic,Gaussian,0.50063,0.19280,000.00000763,000.00311654,000.00356770,000.00854068,000.31
Tournament (k=2),Arithmetic,Gaussian,0.46455,0.05408,000.00000000,000.00037067,000.00030327,000.00411115,000.26
Tournament (k=2),Arithmetic,Gaussian,0.42308,0.04103,000.00000000,000.00120106,000.00088215,000.09905646,000.21
Tournament (k=2),Arithmetic,Gaussian,0.51971,0.14625,000.00000000,000.00009463,000.00007629,000.00071455,000.43
Tournament (k=2),Arithmetic,Gaussian,0.44749,0.06746,000.00000000,000.00017598,000.00011349,000.00614823,000.29
Tournament (k=2),Arithmetic,Gaussian,0.40000,0.13095,000.00000000,000.00002639,000.00002289,000.00023636,000.26
Tournament (k=2),Arithmetic,Gaussian,0.53951,0.11724,000.00000000,000.00000896,000.00000858,000.00005469,000.35
Tournament (k=2),Arithmetic,Gaussian,0.48225,0.24050,000.00031281,000.01220765,000.01501751,000.02823144,000.34
Tournament (k=2),Arithmetic,Gaussian,0.40755,0.05118,000.00000000,000.00069602,000.00062561,000.00527528,000.27
Tournament (k=2),Arithmetic,Gaussian,0.50063,0.03476,000.00000000,000.00173836,000.00179100,000.01504368,000.22
Tournament (k=2),Arithmetic,Gaussian,0.43107,0.08415,000.00000000,000.00004859,000.00004673,000.00052665,000.33
Tournament (k=2),Arithmetic,Gaussian,0.40000,0.02361,000.00000000,000.00816953,000.00832939,000.11964225,000.19
Tournament (k=2),Arithmetic,Gaussian,0.51971,0.02637,000.00000000,000.00420353,000.00379753,000.04535339,000.22
Tournament (k=2),Arithmetic,Gaussian,0.43920,0.03289,000.00000000,000.00285137,000.00280857,000.02308393,000.23
Tournament (k=2),Arithmetic,Gaussian,0.47332,0.11724,000.00000000,000.00001583,000.00001335,000.00013865,000.33
Tournament (k=2),Arithmetic,Gaussian,0.45594,0.02637,000.00000000,000.00624337,000.00657082,000.05251501,000.27
Tournament (k=2),Arithmetic,Gaussian,0.48225,0.04582,000.00000000,000.00055714,000.00043392,000.00903776,000.27
Tournament (k=2),Arithmetic,Gaussian,0.49135,0.09399,000.00000000,000.00002010,000.00001526,000.00026907,000.36
Tournament (k=2),Arithmetic,Gaussian,0.45594,0.14625,000.00000000,000.00011792,000.00010204,000.00056997,000.37
Tournament (k=2),Arithmetic,Gaussian,0.47332,0.02000,000.00000000,000.01088052,000.01013279,000.04924516,000.19
Tournament (k=2),Arithmetic,Gaussian,0.53951,0.02114,000.00000000,000.01043389,000.00875759,000.23471770,000.25
Tournament (k=2),Arithmetic,Gaussian,0.46455,0.05716,000.00000000,000.00051491,000.00040627,000.00667976,000.30
Tournament (k=2),Arithmetic,Gaussian,0.41524,0.11094,000.00000000,000.00001514,000.00001526,000.00014544,000.26
Tournament (k=2),Arithmetic,Gaussian,0.42308,0.04336,000.00000000,000.00058129,000.00046444,000.00801841,000.23
Tournament (k=2),Arithmetic,Gaussian,0.51008,0.07130,000.00000000,000.00008433,000.00008011,000.00191518,000.37
Tournament (k=2),Arithmetic,Gaussian,0.40755,0.28387,000.00100517,000.03058252,000.03291416,000.05660785,000.36
Tournament (k=2),Arithmetic,Gaussian,0.42308,0.22757,000.00019836,000.01012595,000.01099873,000.03815395,000.44
Tournament (k=2),Arithmetic,Gaussian,0.40755,0.05408,000.00000000,000.00068681,000.00064087,000.00492685,000.21
Tournament (k=2),Arithmetic,Gaussian,0.51971,0.02786,000.00000000,000.00374403,000.00368977,000.10139097,000.19
Tournament (k=2),Arithmetic,Gaussian,0.52952,0.05716,000.00000000,000.00042243,000.00040722,000.00268063,000.45
Tournament (k=2),Arithmetic,Gaussian,0.43920,0.18243,000.00000572,000.00108013,000.00117779,000.00392776,000.41
Tournament (k=2),Arithmetic,Gaussian,0.40000,0.02495,000.00000000,000.00589416,000.00440598,000.11277805,000.23
Tournament (k=2),Arithmetic,Gaussian,0.54969,0.04336,000.00000000,000.00080941,000.00061607,000.00612399,000.36
Tournament (k=2),Arithmetic,Gaussian,0.50063,0.20375,000.00004578,000.00463579,000.00493813,000.01477459,000.44
Tournament (k=2),Arithmetic,Gaussian,0.47332,0.02114,000.00000000,000.01327295,000.01045418,000.17271288,000.18
Tournament (k=2),Arithmetic,Gaussian,0.40000,0.13839,000.00000000,000.00008113,000.00006771,000.00039719,000.35
Tournament (k=2),Arithmetic,Gaussian,0.44749,0.07130,000.00000000,000.00015275,000.00011444,000.00283335,000.37
Tournament (k=2),Arithmetic,Gaussian,0.43920,0.03476,000.00000000,000.00219672,000.00193882,000.01580305,000.23
Tournament (k=2),Arithmetic,Gaussian,0.48225,0.04842,000.00000000,000.00083506,000.00057602,000.00677840,000.23
Tournament (k=2),Arithmetic,Gaussian,0.53951,0.12391,000.00000000,000.00001779,000.00001907,000.00015333,000.37
Tournament (k=2),Arithmetic,Gaussian,0.50063,0.03673,000.00000000,000.00152786,000.00134373,000.01562443,000.25
Tournament (k=2),Arithmetic,Gaussian,0.51971,0.15456,000.00000763,000.00031188,000.00035858,000.00113471,000.43
Tournament (k=2),Arithmetic,Gaussian,0.53951,0.02234,000.00000000,000.00481324,000.00428391,000.14336342,000.21
Tournament (k=2),Arithmetic,Gaussian,0.47332,0.12391,000.00000000,000.00002782,000.00002480,000.00017910,000.28
Tournament (k=2),Arithmetic,Gaussian,0.43107,0.08894,000.00000000,000.00005152,000.00004578,000.00075408,000.32
Tournament (k=2),Arithmetic,Gaussian,0.48225,0.25416,000.00013351,000.02034175,000.02387238,000.10289571,000.35
Tournament (k=2),Arithmetic,Gaussian,0.45594,0.02786,000.00000000,000.00296035,000.00230122,000.03404481,000.28
Tournament (k=2),Arithmetic,Gaussian,0.49135,0.09933,000.00000000,000.00001130,000.00000763,000.00009118,000.37
Tournament (k=2),Arithmetic,Gaussian,0.42308,0.04582,000.00000000,000.00060453,000.00044155,000.00691788,000.24
Tournament (k=2),Arithmetic,Gaussian,0.45594,0.15456,000.00000000,000.00020399,000.00019264,000.00111467,000.39
Tournament (k=2),Arithmetic,Gaussian,0.51971,0.02945,000.00000000,000.00257220,000.00183582,000.03082079,000.22
Tournament (k=2),Arithmetic,Gaussian,0.40000,0.02637,000.00000000,000.00628276,000.00529575,000.07428290,000.20
Tournament (k=2),Arithmetic,Gaussian,0.40755,0.05716,000.00000000,000.00046701,000.00039768,000.00399970,000.24
Tournament (k=2),Arithmetic,Gaussian,0.52952,0.06040,000.00000000,000.00020504,000.00016117,000.00133226,000.24
Tournament (k=2),Arithmetic,Gaussian,0.46455,0.06040,000.00000000,000.00033784,000.00024128,000.00384334,000.33
Tournament (k=2),Arithmetic,Gaussian,0.47332,0.02234,000.00000000,000.00759511,000.00770760,000.15621686,000.21
Tournament (k=2),Arithmetic,Gaussian,0.41524,0.11724,000.00000000,000.00001316,000.00001049,000.00036852,000.33
Tournament (k=2),Arithmetic,Gaussian,0.51008,0.07535,000.00000000,000.00003901,000.00002956,000.00067390,000.36
Tournament (k=2),Arithmetic,Gaussian,0.43920,0.03673,000.00000000,000.00148067,000.00092316,000.01565958,000.25
Tournament (k=2),Arithmetic,Gaussian,0.43920,0.19280,000.00003624,000.00305493,000.00319195,000.01119582,000.31
Tournament (k=2),Arithmetic,Gaussian,0.40755,0.30000,000.00030899,000.03304260,000.03790760,000.15677117,000.35
Tournament (k=2),Arithmetic,Gaussian,0.40000,0.14625,000.00000000,000.00008986,000.00008011,000.00036414,000.30
Tournament (k=2),Arithmetic,Gaussian,0.54969,0.04582,000.00000000,000.00067501,000.00055790,000.00457618,000.32
Tournament (k=2),Arithmetic,Gaussian,0.44749,0.07535,000.00000000,000.00014007,000.00009727,000.00116940,000.30
Tournament (k=2),Arithmetic,Gaussian,0.48225,0.05118,000.00000000,000.00057919,000.00054646,000.00694210,000.26
Tournament (k=2),Arithmetic,Gaussian,0.42308,0.24050,000.00045776,000.01485813,000.01720810,000.03327831,000.42
Tournament (k=2),Arithmetic,Gaussian,0.53951,0.02361,000.00000000,000.00563018,000.00469017,000.05105042,000.18
Tournament (k=2),Arithmetic,Gaussian,0.56007,0.09399,000.00000000,000.00000854,000.00000763,000.00021689,000.31
Tournament (k=2),Arithmetic,Gaussian,0.50063,0.21533,000.00014687,000.00658553,000.00701618,000.01740235,000.42
Tournament (k=2),Arithmetic,Gaussian,0.47332,0.13095,000.00000000,000.00003297,000.00003052,000.00032372,000.26
Tournament (k=2),Arithmetic,Gaussian,0.51971,0.16334,000.00000000,000.00048647,000.00048256,000.00214184,000.27
Tournament (k=2),Arithmetic,Gaussian,0.50063,0.03882,000.00000000,000.00216868,000.00223255,000.01089774,000.28
Tournament (k=2),Arithmetic,Gaussian,0.40000,0.02786,000.00000000,000.00365214,000.00308609,000.06363332,000.18
Tournament (k=2),Arithmetic,Gaussian,0.51971,0.03112,000.00000000,000.00322723,000.00288582,000.01921516,000.20
Tournament (k=2),Arithmetic,Gaussian,0.42308,0.04842,000.00000000,000.00078773,000.00074291,000.00608579,000.23
Tournament (k=2),Arithmetic,Gaussian,0.45594,0.02945,000.00000000,000.00479298,000.00317001,000.03003109,000.24
Tournament (k=2),Arithmetic,Gaussian,0.43107,0.09399,000.00000000,000.00002911,000.00002384,000.00064527,000.31
Tournament (k=2),Arithmetic,Gaussian,0.53951,0.13095,000.00000000,000.00002913,000.00002003,000.00019822,000.43
Tournament (k=2),Arithmetic,Gaussian,0.54969,0.25416,000.00077057,000.02304888,000.02694511,000.05610379,000.47
Tournament (k=2),Arithmetic,Gaussian,0.48225,0.26861,000.00049973,000.02243550,000.02395344,000.06565302,000.33
Tournament (k=2),Arithmetic,Gaussian,0.49135,0.10497,000.00000000,000.00000715,000.00000381,000.00021528,000.34
Tournament (k=2),Arithmetic,Gaussian,0.46455,0.06384,000.00000000,000.00024700,000.00016308,000.00149318,000.31
Tournament (k=2),Arithmetic,Gaussian,0.41524,0.02000,000.00000000,000.01338551,000.01110077,000.12865140,000.17
Tournament (k=2),Arithmetic,Gaussian,0.40755,0.06040,000.00000000,000.00038712,000.00025463,000.00395528,000.33
Tournament (k=2),Arithmetic,Gaussian,0.44749,0.07963,000.00000000,000.00006545,000.00005913,000.00091404,000.35
Tournament (k=2),Arithmetic,Gaussian,0.52952,0.06384,000.00000000,000.00022178,000.00016212,000.00254224,000.22
Tournament (k=2),Arithmetic,Gaussian,0.48225,0.05408,000.00000000,000.00041227,000.00026512,000.01849264,000.29
Tournament (k=2),Arithmetic,Gaussian,0.43920,0.03882,000.00000000,000.00282590,000.00219345,000.01152285,000.26
Tournament (k=2),Arithmetic,Gaussian,0.51008,0.07963,000.00000000,000.00005980,000.00004959,000.00061110,000.28
Tournament (k=2),Arithmetic,Gaussian,0.54969,0.04842,000.00000000,000.00043097,000.00026131,000.00340045,000.25
Tournament (k=2),Arithmetic,Gaussian,0.47332,0.02361,000.00000000,000.00927897,000.00692368,000.08409046,000.20
Tournament (k=2),Arithmetic,Gaussian,0.41524,0.12391,000.00000000,000.00002120,000.00001717,000.00034859,000.35
Tournament (k=2),Arithmetic,Gaussian,0.40000,0.15456,000.00000000,000.00017207,000.00014973,000.00094387,000.27
Tournament (k=2),Arithmetic,Gaussian,0.45594,0.16334,000.00000000,000.00048990,000.00039005,000.00217582,000.48
Tournament (k=2),Arithmetic,Gaussian,0.43920,0.20375,000.00002098,000.00426264,000.00462914,000.01052727,000.30
Tournament (k=2),Arithmetic,Gaussian,0.53951,0.02495,000.00000000,000.00430708,000.00378609,000.11094654,000.25
Tournament (k=2),Arithmetic,Gaussian,0.57064,0.03476,000.00000000,000.00154016,000.00145245,000.01553113,000.25
Tournament (k=2),Arithmetic,Gaussian,0.42308,0.05118,000.00000000,000.00056827,000.00039101,000.00999206,000.28
Tournament (k=2),Arithmetic,Gaussian,0.40000,0.02945,000.00000000,000.00308392,000.00143433,000.14372535,000.17
Tournament (k=2),Arithmetic,Gaussian,0.50063,0.04103,000.00000000,000.00093539,000.00064373,000.00986543,000.23
Tournament (k=2),Arithmetic,Gaussian,0.56007,0.09933,000.00000000,000.00000937,000.00000763,000.00017632,000.35
Tournament (k=2),Arithmetic,Gaussian,0.47332,0.13839,000.00000000,000.00005276,000.00005531,000.00040238,000.34
Tournament (k=2),Arithmetic,Gaussian,0.50063,0.22757,000.00004196,000.00948241,000.01229286,000.02493188,000.35
Tournament (k=2),Arithmetic,Gaussian,0.41524,0.02114,000.00000000,000.01114855,000.01299286,000.12506813,000.19
Tournament (k=2),Arithmetic,Gaussian,0.45594,0.03112,000.00000000,000.00387774,000.00287247,000.10360570,000.26
Tournament (k=2),Arithmetic,Gaussian,0.40755,0.06384,000.00000000,000.00033412,000.00020695,000.00306301,000.21
Tournament (k=2),Arithmetic,Gaussian,0.51971,0.03289,000.00000000,000.00240684,000.00221539,000.05440441,000.33
Tournament (k=2),Arithmetic,Gaussian,0.43107,0.09933,000.00000000,000.00001581,000.00001144,000.00017928,000.33
Tournament (k=2),Arithmetic,Gaussian,0.46455,0.06746,000.00000000,000.00025108,000.00023079,000.00293567,000.29
Tournament (k=2),Arithmetic,Gaussian,0.57064,0.20375,000.00013924,000.00472310,000.00484562,000.01639209,000.45
Tournament (k=2),Arithmetic,Gaussian,0.53951,0.13839,000.00000000,000.00008731,000.00009346,000.00173787,000.33
Tournament (k=2),Arithmetic,Gaussian,0.49135,0.11094,000.00000000,000.00000820,000.00000381,000.00008011,000.30
Tournament (k=2),Arithmetic,Gaussian,0.47332,0.02495,000.00000000,000.00395546,000.00317287,000.08382773,000.17
Tournament (k=2),Arithmetic,Gaussian,0.52952,0.06746,000.00000000,000.00009151,000.00005150,000.00187243,000.25
Tournament (k=2),Arithmetic,Gaussian,0.51971,0.17262,000.00001335,000.00083108,000.00070572,000.00540693,000.49
Tournament (k=2),Arithmetic,Gaussian,0.48225,0.05716,000.00000000,000.00046499,000.00045490,000.00562786,000.27
Tournament (k=2),Arithmetic,Gaussian,0.54969,0.05118,000.00000000,000.00035725,000.00024033,000.00758020,000.22
Tournament (k=2),Arithmetic,Gaussian,0.43920,0.04103,000.00000000,000.00156949,000.00152206,000.00760274,000.27
Tournament (k=2),Arithmetic,Gaussian,0.48225,0.28387,000.00071335,000.02646587,000.03007984,000.05790207,000.43
Tournament (k=2),Arithmetic,Gaussian,0.51008,0.08415,000.00000000,000.00003138,000.00002193,000.00100213,000.29
Tournament (k=2),Arithmetic,Gaussian,0.44749,0.08415,000.00000000,000.00006642,000.00007248,000.00049717,000.40
Tournament (k=2),Arithmetic,Gaussian,0.54969,0.26861,000.00091743,000.03120100,000.03683567,000.15643975,000.47
Tournament (k=2),Arithmetic,Gaussian,0.53951,0.02637,000.00000000,000.00360992,000.00219536,000.10122087,000.18
Tournament (k=2),Arithmetic,Gaussian,0.42308,0.25416,000.00026321,000.02391317,000.03146935,000.05357119,000.53
Tournament (k=2),Arithmetic,Gaussian,0.42308,0.05408,000.00000000,000.00036037,000.00028801,000.00554652,000.19
Tournament (k=2),Arithmetic,Gaussian,0.41524,0.02234,000.00000000,000.00718632,000.00667381,000.08791649,000.16
Tournament (k=2),Arithmetic,Gaussian,0.57064,0.03673,000.00000000,000.00166676,000.00158119,000.02702737,000.21
Tournament (k=2),Arithmetic,Gaussian,0.40000,0.03112,000.00000000,000.00269725,000.00276852,000.10378656,000.20
Tournament (k=2),Arithmetic,Gaussian,0.41524,0.13095,000.00000000,000.00003331,000.00002766,000.00039031,000.37
Tournament (k=2),Arithmetic,Gaussian,0.50063,0.04336,000.00000000,000.00067749,000.00047684,000.00749740,000.25
Tournament (k=2),Arithmetic,Gaussian,0.45594,0.17262,000.00001335,000.00076110,000.00077820,000.00452409,000.30
Tournament (k=2),Arithmetic,Gaussian,0.43920,0.21533,000.00014687,000.00717957,000.00726223,000.03505744,000.33
Tournament (k=2),Arithmetic,Gaussian,0.51971,0.03476,000.00000000,000.00126753,000.00124645,000.00704663,000.19
Tournament (k=2),Arithmetic,Gaussian,0.45594,0.03289,000.00000000,000.00282838,000.00285053,000.02122973,000.22
Tournament (k=2),Arithmetic,Gaussian,0.56007,0.10497,000.00000000,000.00000737,000.00000763,000.00014173,000.36
Tournament (k=2),Arithmetic,Gaussian,0.41524,0.02361,000.00000000,000.01072979,000.00950432,000.11489226,000.20
Tournament (k=2),Arithmetic,Gaussian,0.47332,0.14625,000.00000000,000.00011885,000.00012970,000.00041840,000.39
Tournament (k=2),Arithmetic,Gaussian,0.52952,0.07130,000.00000000,000.00012615,000.00008678,000.00488840,000.22
Tournament (k=2),Arithmetic,Gaussian,0.40755,0.06746,000.00000000,000.00017841,000.00016785,000.00134303,000.27
Tournament (k=2),Arithmetic,Gaussian,0.46455,0.07130,000.00000000,000.00014372,000.00007153,000.00111346,000.26
Tournament (k=2),Arithmetic,Gaussian,0.50063,0.24050,000.00013351,000.01423864,000.01543713,000.03352990,000.39
Tournament (k=2),Arithmetic,Gaussian,0.40000,0.16334,000.00000954,000.00039637,000.00041008,000.00187544,000.47
Tournament (k=2),Arithmetic,Gaussian,0.47332,0.02637,000.00000000,000.00568011,000.00526142,000.06672563,000.30
Tournament (k=2),Arithmetic,Gaussian,0.43920,0.04336,000.00000000,000.00114813,000.00126743,000.01173425,000.22
Tournament (k=2),Arithmetic,Gaussian,0.49135,0.11724,000.00000000,000.00000818,000.00000763,000.00010013,000.31
Tournament (k=2),Arithmetic,Gaussian,0.57064,0.21533,000.00005531,000.00581825,000.00647354,000.01676266,000.32
Tournament (k=2),Arithmetic,Gaussian,0.43107,0.10497,000.00000000,000.00001597,000.00001144,000.00022931,000.36
Tournament (k=2),Arithmetic,Gaussian,0.54969,0.05408,000.00000000,000.00046189,000.00037479,000.00369366,000.29
Tournament (k=2),Arithmetic,Gaussian,0.53951,0.14625,000.00000000,000.00012202,000.00012970,000.00068970,000.35
Tournament (k=2),Arithmetic,Gaussian,0.53951,0.02786,000.00000000,000.00398679,000.00346470,000.02709305,000.21
Tournament (k=2),Arithmetic,Gaussian,0.51971,0.18243,000.00003052,000.00170977,000.00155735,000.01807326,000.38
Tournament (k=2),Arithmetic,Gaussian,0.51008,0.08894,000.00000000,000.00001454,000.00001144,000.00095450,000.32
Tournament (k=2),Arithmetic,Gaussian,0.42308,0.05716,000.00000000,000.00076058,000.00040245,000.00307349,000.20
Tournament (k=2),Arithmetic,Gaussian,0.48225,0.06040,000.00000000,000.00022266,000.00024414,000.00277637,000.20
Tournament (k=2),Arithmetic,Gaussian,0.48225,0.30000,000.00001144,000.04593425,000.04899788,000.17756362,000.35
Tournament (k=2),Arithmetic,Gaussian,0.44749,0.08894,000.00000000,000.00003116,000.00001526,000.00021313,000.33
Tournament (k=2),Arithmetic,Gaussian,0.51971,0.03673,000.00000000,000.00165668,000.00157070,000.02673604,000.20
Tournament (k=2),Arithmetic,Gaussian,0.57064,0.03882,000.00000000,000.00114481,000.00107765,000.01349554,000.28
Tournament (k=2),Arithmetic,Gaussian,0.41524,0.02495,000.00000000,000.00621915,000.00455475,000.03957244,000.17
Tournament (k=2),Arithmetic,Gaussian,0.45594,0.03476,000.00000000,000.00218120,000.00209522,000.02759477,000.24
Tournament (k=2),Arithmetic,Gaussian,0.41524,0.13839,000.00000000,000.00006137,000.00005913,000.00030267,000.32
Tournament (k=2),Arithmetic,Gaussian,0.52952,0.07535,000.00000000,000.00004759,000.00003719,000.00098843,000.23
Tournament (k=2),Arithmetic,Gaussian,0.40000,0.03289,000.00000000,000.00266609,000.00302219,000.02064740,000.18
Tournament (k=2),Arithmetic,Gaussian,0.40755,0.07130,000.00000000,000.00021322,000.00019073,000.00239783,000.24
Tournament (k=2),Arithmetic,Gaussian,0.54969,0.28387,000.00048828,000.03904595,000.04413605,000.07273393,000.47
Tournament (k=2),Arithmetic,Gaussian,0.50063,0.04582,000.00000000,000.00088475,000.00079918,000.00611085,000.32
Tournament (k=2),Arithmetic,Gaussian,0.40000,0.17262,000.00001526,000.00096133,000.00110054,000.00299557,000.39
Tournament (k=2),Arithmetic,Gaussian,0.42308,0.26861,000.00183868,000.02404051,000.02839947,000.04046797,000.43
Tournament (k=2),Arithmetic,Gaussian,0.47332,0.15456,000.00000000,000.00018177,000.00019646,000.00146301,000.29
Tournament (k=2),Arithmetic,Gaussian,0.48225,0.06384,000.00000000,000.00015347,000.00007820,000.00219414,000.23
Tournament (k=2),Arithmetic,Gaussian,0.42308,0.06040,000.00000000,000.00038235,000.00020790,000.00303092,000.24
Tournament (k=2),Arithmetic,Gaussian,0.45594,0.18243,000.00003624,000.00132344,000.00162411,000.00799602,000.39
Tournament (k=2),Arithmetic,Gaussian,0.43920,0.22757,000.00011063,000.00834458,000.00807858,000.02425803,000.39
Tournament (k=2),Arithmetic,Gaussian,0.46455,0.07535,000.00000000,000.00006096,000.00004959,000.00125692,000.28
Tournament (k=2),Arithmetic,Gaussian,0.43107,0.11094,000.00000000,000.00002222,000.00002098,000.00079778,000.39
Tournament (k=2),Arithmetic,Gaussian,0.49135,0.02000,000.00000000,000.00602889,000.00517464,000.18919113,000.18
Tournament (k=2),Arithmetic,Gaussian,0.43920,0.04582,000.00000000,000.00159526,000.00105667,000.03567082,000.37
Tournament (k=2),Arithmetic,Gaussian,0.53951,0.02945,000.00000000,000.00440958,000.00392914,000.03210843,000.22
Tournament (k=2),Arithmetic,Gaussian,0.49135,0.12391,000.00000000,000.00002196,000.00001812,000.00035507,000.38
Tournament (k=2),Arithmetic,Gaussian,0.56007,0.11094,000.00000000,000.00001040,000.00000763,000.00033413,000.30
Tournament (k=2),Arithmetic,Gaussian,0.54969,0.05716,000.00000000,000.00028720,000.00023270,000.00271291,000.32
Tournament (k=2),Arithmetic,Gaussian,0.47332,0.02786,000.00000000,000.00481658,000.00342274,000.10730240,000.24
Tournament (k=2),Arithmetic,Gaussian,0.57064,0.22757,000.00020599,000.01035273,000.01229286,000.02911108,000.35
Tournament (k=2),Arithmetic,Gaussian,0.53951,0.15456,000.00000381,000.00028360,000.00025845,000.00100186,000.35
Tournament (k=2),Arithmetic,Gaussian,0.57064,0.04103,000.00000000,000.00147920,000.00180149,000.02436665,000.27
Tournament (k=2),Arithmetic,Gaussian,0.41524,0.02637,000.00000000,000.00576236,000.00562763,000.04447730,000.25
Tournament (k=2),Arithmetic,Gaussian,0.40000,0.03476,000.00000000,000.00193012,000.00157642,000.02436770,000.23
Tournament (k=2),Arithmetic,Gaussian,0.40755,0.07535,000.00000000,000.00017583,000.00017357,000.00184722,000.22
Tournament (k=2),Arithmetic,Gaussian,0.51971,0.03882,000.00000000,000.00129151,000.00095654,000.02209596,000.31
Tournament (k=2),Arithmetic,Gaussian,0.51971,0.19280,000.00002289,000.00296330,000.00285816,000.01379483,000.37
Tournament (k=2),Arithmetic,Gaussian,0.51008,0.09399,000.00000000,000.00001154,000.00000763,000.00008228,000.28
Tournament (k=2),Arithmetic,Gaussian,0.50063,0.25416,000.00041962,000.02122688,000.02238655,000.03871663,000.42
Tournament (k=2),Arithmetic,Gaussian,0.44749,0.09399,000.00000000,000.00002520,000.00001812,000.00042608,000.40
Tournament (k=2),Arithmetic,Gaussian,0.52952,0.07963,000.00000000,000.00005462,000.00004196,000.00084730,000.33
Tournament (k=2),Arithmetic,Gaussian,0.45594,0.03673,000.00000000,000.00224934,000.00171185,000.02060872,000.41
Tournament (k=2),Arithmetic,Gaussian,0.48225,0.06746,000.00000000,000.00013025,000.00007820,000.00747949,000.20
Tournament (k=2),Arithmetic,Gaussian,0.42308,0.06384,000.00000000,000.00021968,000.00013447,000.00284359,000.21
Tournament (k=2),Arithmetic,Gaussian,0.49135,0.02114,000.00000000,000.00605915,000.00423336,000.18827821,000.19
Tournament (k=2),Arithmetic,Gaussian,0.54969,0.30000,000.00082970,000.03650758,000.04462242,000.10992468,000.53
Tournament (k=2),Arithmetic,Gaussian,0.41524,0.14625,000.00000000,000.00010266,000.00007915,000.00063364,000.46
Tournament (k=2),Arithmetic,Gaussian,0.53951,0.03112,000.00000000,000.00321016,000.00206184,000.05322708,000.21
Tournament (k=2),Arithmetic,Gaussian,0.47332,0.16334,000.00000000,000.00050042,000.00051498,000.00200588,000.28
Tournament (k=2),Arithmetic,Gaussian,0.46455,0.07963,000.00000000,000.00009849,000.00005722,000.00067385,000.27
Tournament (k=2),Arithmetic,Gaussian,0.40000,0.18243,000.00000191,000.00176179,000.00185585,000.00578415,000.38
Tournament (k=2),Arithmetic,Gaussian,0.47332,0.02945,000.00000000,000.00424438,000.00373459,000.05189044,000.17
Tournament (k=2),Arithmetic,Gaussian,0.43107,0.11724,000.00000000,000.00001080,000.00001144,000.00033131,000.30
Tournament (k=2),Arithmetic,Gaussian,0.43920,0.04842,000.00000000,000.00067315,000.00064182,000.01104846,000.33
Tournament (k=2),Arithmetic,Gaussian,0.50063,0.04842,000.00000000,000.00046196,000.00053692,000.00621850,000.44
Tournament (k=2),Arithmetic,Gaussian,0.41524,0.02786,000.00000000,000.00449953,000.00270653,000.02987552,000.18
Tournament (k=2),Arithmetic,Gaussian,0.42308,0.28387,000.00202942,000.03488920,000.04051304,000.12594478,000.45
Tournament (k=2),Arithmetic,Gaussian,0.40000,0.03673,000.00000000,000.00351484,000.00334072,000.01908831,000.19
Tournament (k=2),Arithmetic,Gaussian,0.43920,0.24050,000.00019073,000.01347697,000.01234627,000.10900040,000.41
Tournament (k=2),Arithmetic,Gaussian,0.54969,0.06040,000.00000000,000.00014520,000.00011444,000.00191731,000.32
Tournament (k=2),Arithmetic,Gaussian,0.45594,0.19280,000.00003624,000.00251822,000.00214577,000.00820459,000.43
Tournament (k=2),Arithmetic,Gaussian,0.51971,0.04103,000.00000000,000.00157244,000.00113773,000.01045031,000.20
Tournament (k=2),Arithmetic,Gaussian,0.57064,0.04336,000.00000000,000.00101688,000.00079250,000.00774971,000.25
Tournament (k=2),Arithmetic,Gaussian,0.40755,0.07963,000.00000000,000.00011415,000.00008106,000.00166606,000.22
Tournament (k=2),Arithmetic,Gaussian,0.49135,0.13095,000.00000000,000.00002708,000.00002766,000.00011198,000.37
Tournament (k=2),Arithmetic,Gaussian,0.45594,0.03882,000.00000000,000.00200424,000.00144958,000.00806451,000.36
Tournament (k=2),Arithmetic,Gaussian,0.52952,0.08415,000.00000000,000.00002389,000.00001621,000.00040835,000.42
Tournament (k=2),Arithmetic,Gaussian,0.40000,0.03882,000.00000000,000.00191572,000.00170135,000.01486454,000.20
Tournament (k=2),Arithmetic,Gaussian,0.48225,0.07130,000.00000000,000.00010595,000.00008011,000.00080316,000.29
Tournament (k=2),Arithmetic,Gaussian,0.49135,0.02234,000.00000000,000.00981929,000.00740337,000.11892928,000.22
Tournament (k=2),Arithmetic,Gaussian,0.56007,0.11724,000.00000000,000.00000973,000.00000858,000.00009010,000.54
Tournament (k=2),Arithmetic,Gaussian,0.51971,0.20375,000.00038147,000.00470870,000.00429821,000.01696130,000.43
Tournament (k=2),Arithmetic,Gaussian,0.53951,0.03289,000.00000000,000.00344892,000.00262070,000.03928535,000.22
Tournament (k=2),Arithmetic,Gaussian,0.53951,0.16334,000.00001144,000.00057042,000.00062180,000.00356923,000.37
Tournament (k=2),Arithmetic,Gaussian,0.43107,0.12391,000.00000000,000.00002010,000.00001335,000.00033077,000.37
Tournament (k=2),Arithmetic,Gaussian,0.42308,0.06746,000.00000000,000.00015304,000.00017929,000.00143129,000.34
Tournament (k=2),Arithmetic,Gaussian,0.57064,0.24050,000.00032997,000.01174512,000.01334095,000.04032047,000.41
Tournament (k=2),Arithmetic,Gaussian,0.58141,0.07535,000.00000000,000.00002344,000.00001907,000.00292861,000.30
Tournament (k=2),Arithmetic,Gaussian,0.50063,0.26861,000.00090027,000.02251854,000.02645493,000.04255085,000.43
Tournament (k=2),Arithmetic,Gaussian,0.59239,0.02786,000.00000000,000.00406382,000.00221157,000.04222691,000.26
Tournament (k=2),Arithmetic,Gaussian,0.41524,0.15456,000.00000000,000.00021415,000.00021744,000.00090014,000.33
Tournament (k=2),Arithmetic,Gaussian,0.51008,0.09933,000.00000000,000.00000908,000.00000763,000.00009462,000.46
Tournament (k=2),Arithmetic,Gaussian,0.46455,0.08415,000.00000000,000.00003467,000.00002289,000.00099493,000.23
Tournament (k=2),Arithmetic,Gaussian,0.47332,0.17262,000.00000191,000.00094526,000.00098801,000.00397206,000.32
Tournament (k=2),Arithmetic,Gaussian,0.47332,0.03112,000.00000000,000.00344012,000.00294971,000.02867075,000.24
Tournament (k=2),Arithmetic,Gaussian,0.40000,0.19280,000.00000954,000.00336001,000.00332451,000.01349267,000.30
Tournament (k=2),Arithmetic,Gaussian,0.59239,0.16334,000.00000381,000.00054233,000.00056458,000.00335768,000.38
Tournament (k=2),Arithmetic,Gaussian,0.41524,0.02945,000.00000000,000.00498247,000.00425529,000.02311321,000.19
Tournament (k=2),Arithmetic,Gaussian,0.44749,0.09933,000.00000000,000.00002532,000.00002003,000.00058505,000.26
Tournament (k=2),Arithmetic,Gaussian,0.50063,0.05118,000.00000000,000.00077620,000.00072670,000.00636737,000.25
Tournament (k=2),Arithmetic,Gaussian,0.43920,0.05118,000.00000000,000.00059090,000.00051498,000.01735308,000.26
Tournament (k=2),Arithmetic,Gaussian,0.51971,0.04336,000.00000000,000.00066462,000.00045013,000.00847941,000.21
Tournament (k=2),Arithmetic,Gaussian,0.56007,0.02000,000.00000000,000.01071153,000.00901222,000.12045295,000.26
Tournament (k=2),Arithmetic,Gaussian,0.40755,0.08415,000.00000000,000.00008073,000.00005341,000.00099939,000.24
Tournament (k=2),Arithmetic,Gaussian,0.62657,0.04842,000.00000000,000.00041482,000.00032616,000.01250550,000.31
Tournament (k=2),Arithmetic,Gaussian,0.54969,0.06384,000.00000000,000.00010891,000.00007248,000.00232474,000.28
Tournament (k=2),Arithmetic,Gaussian,0.52952,0.08894,000.00000000,000.00001945,000.00001240,000.00038487,000.25
Tournament (k=2),Arithmetic,Gaussian,0.45594,0.04103,000.00000000,000.00123546,000.00098610,000.01024742,000.25
Tournament (k=2),Arithmetic,Gaussian,0.57064,0.04582,000.00000000,000.00053277,000.00044537,000.00410953,000.27
Tournament (k=2),Arithmetic,Gaussian,0.40000,0.04103,000.00000000,000.00097895,000.00088215,000.01098588,000.20
Tournament (k=2),Arithmetic,Gaussian,0.49135,0.02361,000.00000000,000.00934250,000.00764465,000.11135034,000.19
Tournament (k=2),Arithmetic,Gaussian,0.41524,0.03112,000.00000000,000.00352216,000.00296593,000.02014792,000.19
Tournament (k=2),Arithmetic,Gaussian,0.48225,0.07535,000.00000000,000.00010185,000.00008202,000.00349052,000.26
Tournament (k=2),Arithmetic,Gaussian,0.60357,0.06040,000.00000000,000.00019946,000.00016117,000.00163645,000.54
Tournament (k=2),Arithmetic,Gaussian,0.61496,0.02234,000.00000000,000.00718694,000.00338840,000.15481928,000.50
Tournament (k=2),Arithmetic,Gaussian,0.42308,0.30000,000.00112915,000.04650471,000.05455875,000.11634199,000.48
Tournament (k=2),Arithmetic,Gaussian,0.53951,0.03476,000.00000000,000.00330365,000.00205708,000.10189698,000.26
Tournament (k=2),Arithmetic,Gaussian,0.61496,0.13095,000.00000000,000.00004210,000.00004578,000.00023629,000.56
Tournament (k=2),Arithmetic,Gaussian,0.44749,0.10497,000.00000000,000.00001726,000.00001144,000.00012776,000.28
Tournament (k=2),Arithmetic,Gaussian,0.42308,0.07130,000.00000000,000.00016596,000.00013447,000.00166172,000.22
Tournament (k=2),Arithmetic,Gaussian,0.65045,0.03882,000.00000000,000.00077651,000.00077629,000.00771798,000.25
Tournament (k=2),Arithmetic,Gaussian,0.43920,0.25416,000.00115204,000.02455511,000.02825832,000.10535412,000.57
Tournament (k=2),Arithmetic,Gaussian,0.47332,0.03289,000.00000000,000.00365524,000.00380421,000.03452717,000.19
Tournament (k=2),Arithmetic,Gaussian,0.58141,0.07963,000.00000000,000.00003955,000.00001526,000.00067366,000.34
Tournament (k=2),Arithmetic,Gaussian,0.59239,0.02945,000.00000000,000.00323205,000.00230980,000.10201944,000.24
Tournament (k=2),Arithmetic,Gaussian,0.48225,0.07963,000.00000000,000.00006022,000.00003147,000.00089889,000.25
Tournament (k=2),Arithmetic,Gaussian,0.46455,0.08894,000.00000000,000.00004885,000.00002289,000.00124151,000.29
Tournament (k=2),Arithmetic,Gaussian,0.45594,0.20375,000.00003815,000.00513315,000.00515747,000.04453105,000.72
Tournament (k=2),Arithmetic,Gaussian,0.51008,0.10497,000.00000000,000.00000656,000.00000381,000.00008418,000.31
Tournament (k=2),Arithmetic,Gaussian,0.47332,0.18243,000.00004005,000.00129144,000.00132656,000.00521125,000.31
Tournament (k=2),Arithmetic,Gaussian,0.65045,0.22757,000.00025368,000.00980294,000.00962162,000.02400888,000.36
Tournament (k=2),Arithmetic,Gaussian,0.49135,0.13839,000.00000000,000.00007012,000.00006294,000.00035169,000.72
Tournament (k=2),Arithmetic,Gaussian,0.62657,0.28387,000.00099373,000.03408859,000.03727245,000.06152066,000.77
Tournament (k=2),Arithmetic,Gaussian,0.51971,0.04582,000.00000000,000.00080307,000.00045013,000.00983891,000.20
Tournament (k=2),Arithmetic,Gaussian,0.63840,0.10497,000.00000000,000.00000660,000.00000572,000.00048990,000.54
Tournament (k=2),Arithmetic,Gaussian,0.43107,0.13095,000.00000000,000.00003612,000.00002766,000.00032463,000.50
Tournament (k=2),Arithmetic,Gaussian,0.50063,0.05408,000.00000000,000.00053973,000.00033569,000.00719761,000.27
Tournament (k=2),Arithmetic,Gaussian,0.43920,0.05408,000.00000000,000.00083721,000.00087452,000.00758866,000.27
Tournament (k=2),Arithmetic,Gaussian,0.59239,0.17262,000.00000381,000.00103498,000.00116730,000.00626512,000.30
Tournament (k=2),Arithmetic,Gaussian,0.40000,0.04336,000.00000000,000.00119078,000.00097656,000.00932784,000.20
Tournament (k=2),Arithmetic,Gaussian,0.40755,0.08894,000.00000000,000.00006876,000.00006962,000.00088818,000.22
Tournament (k=2),Arithmetic,Gaussian,0.51971,0.21533,000.00022888,000.00796545,000.00879288,000.01580195,000.63
Tournament (k=2),Arithmetic,Gaussian,0.62657,0.05118,000.00000000,000.00032120,000.00020885,000.00318112,000.25
Tournament (k=2),Arithmetic,Gaussian,0.49135,0.02495,000.00000000,000.00548508,000.00528145,000.03568445,000.22
Tournament (k=2),Arithmetic,Gaussian,0.52952,0.09399,000.00000000,000.00002351,000.00001907,000.00022101,000.26
Tournament (k=2),Arithmetic,Gaussian,0.50063,0.28387,000.00178146,000.03634369,000.03684425,000.15391615,000.57
Tournament (k=2),Arithmetic,Gaussian,0.54969,0.06746,000.00000000,000.00006738,000.00004864,000.00143380,000.27
Tournament (k=2),Arithmetic,Gaussian,0.53951,0.17262,000.00001144,000.00082152,000.00090218,000.00288571,000.62
Tournament (k=2),Arithmetic,Gaussian,0.45594,0.04336,000.00000000,000.00115507,000.00111485,000.00860082,000.27
Tournament (k=2),Arithmetic,Gaussian,0.65045,0.04103,000.00000000,000.00124266,000.00116158,000.01218559,000.38
Tournament (k=2),Arithmetic,Gaussian,0.56007,0.12391,000.00000000,000.00001287,000.00001144,000.00030599,000.37
Tournament (k=2),Arithmetic,Gaussian,0.40000,0.20375,000.00008774,000.00499153,000.00587559,000.01450792,000.42
Tournament (k=2),Arithmetic,Gaussian,0.41524,0.03289,000.00000000,000.00265148,000.00205517,000.02006319,000.18
Tournament (k=2),Arithmetic,Gaussian,0.57064,0.04842,000.00000000,000.00052547,000.00030994,000.00526819,000.70
Tournament (k=2),Arithmetic,Gaussian,0.60357,0.06384,000.00000000,000.00018868,000.00007915,000.00390936,000.22
Tournament (k=2),Arithmetic,Gaussian,0.41524,0.16334,000.00000381,000.00043001,000.00039959,000.00262848,000.27
Tournament (k=2),Arithmetic,Gaussian,0.53951,0.03673,000.00000000,000.00179512,000.00145912,000.01208876,000.19
Tournament (k=2),Arithmetic,Gaussian,0.43107,0.02000,000.00000000,000.00831008,000.00485039,000.21682170,000.21
Tournament (k=2),Arithmetic,Gaussian,0.47332,0.03476,000.00000000,000.00143609,000.00103378,000.01288049,000.19
Tournament (k=2),Arithmetic,Gaussian,0.42308,0.07535,000.00000000,000.00014222,000.00007629,000.00258405,000.23
Tournament (k=2),Arithmetic,Gaussian,0.61496,0.13839,000.00000000,000.00008826,000.00008106,000.00074349,000.26
Tournament (k=2),Arithmetic,Gaussian,0.43920,0.26861,000.00042725,000.02522228,000.03203392,000.04777950,000.51
Tournament (k=2),Arithmetic,Gaussian,0.56007,0.02114,000.00000000,000.00911109,000.00638294,000.24403141,000.24
Tournament (k=2),Arithmetic,Gaussian,0.59239,0.03112,000.00000000,000.00257225,000.00212193,000.01666144,000.25
Tournament (k=2),Arithmetic,Gaussian,0.61496,0.02361,000.00000000,000.00609238,000.00344849,000.16559845,000.19
Tournament (k=2),Arithmetic,Gaussian,0.44749,0.11094,000.00000000,000.00002534,000.00002289,000.00028866,000.33
Tournament (k=2),Arithmetic,Gaussian,0.51971,0.04842,000.00000000,000.00072436,000.00038624,000.00436278,000.23
Tournament (k=2),Arithmetic,Gaussian,0.58141,0.08415,000.00000000,000.00002263,000.00001717,000.00022355,000.31
Tournament (k=2),Arithmetic,Gaussian,0.48225,0.08415,000.00000000,000.00003154,000.00002193,000.00041810,000.31
Tournament (k=2),Arithmetic,Gaussian,0.53951,0.03882,000.00000000,000.00148809,000.00137138,000.01039262,000.26
Tournament (k=2),Arithmetic,Gaussian,0.57064,0.25416,000.00039101,000.01852155,000.01903057,000.04637780,000.66
Tournament (k=2),Arithmetic,Gaussian,0.42308,0.07963,000.00000000,000.00010123,000.00005817,000.00110625,000.24
Tournament (k=2),Arithmetic,Gaussian,0.63840,0.11094,000.00000000,000.00000658,000.00000572,000.00010024,000.33
Tournament (k=2),Arithmetic,Gaussian,0.57064,0.05118,000.00000000,000.00040519,000.00032139,000.00464292,000.34
Tournament (k=2),Arithmetic,Gaussian,0.43107,0.13839,000.00000000,000.00005045,000.00004101,000.00033310,000.50
Tournament (k=2),Arithmetic,Gaussian,0.43920,0.05716,000.00000000,000.00048716,000.00035572,000.00338497,000.28
Tournament (k=2),Arithmetic,Gaussian,0.40755,0.09399,000.00000000,000.00004404,000.00003052,000.00026872,000.25
Tournament (k=2),Arithmetic,Gaussian,0.49135,0.14625,000.00000000,000.00010858,000.00012779,000.00072339,000.37
Tournament (k=2),Arithmetic,Gaussian,0.43107,0.02114,000.00000000,000.01075044,000.00670815,000.18494733,000.31
Tournament (k=2),Arithmetic,Gaussian,0.40000,0.04582,000.00000000,000.00124285,000.00118732,000.00711475,000.30
Tournament (k=2),Arithmetic,Gaussian,0.45594,0.21533,000.00016403,000.00852909,000.00981045,000.03469272,000.43
Tournament (k=2),Arithmetic,Gaussian,0.41524,0.17262,000.00002098,000.00066938,000.00076008,000.00287055,000.36
Tournament (k=2),Arithmetic,Gaussian,0.49135,0.02637,000.00000000,000.00415607,000.00322819,000.04294595,000.18
Tournament (k=2),Arithmetic,Gaussian,0.47332,0.19280,000.00018311,000.00325260,000.00255299,000.01995141,000.43
Tournament (k=2),Arithmetic,Gaussian,0.46455,0.09399,000.00000000,000.00004487,000.00002480,000.00124186,000.47
Tournament (k=2),Arithmetic,Gaussian,0.61496,0.14625,000.00000000,000.00015340,000.00014877,000.00065311,000.33
Tournament (k=2),Arithmetic,Gaussian,0.62657,0.30000,000.00218773,000.03794830,000.04089832,000.13316676,000.45
Tournament (k=2),Arithmetic,Gaussian,0.52952,0.09933,000.00000000,000.00000708,000.00000477,000.00009998,000.24
Tournament (k=2),Arithmetic,Gaussian,0.59239,0.18243,000.00003242,000.00208943,000.00193977,000.00766010,000.42
Tournament (k=2),Arithmetic,Gaussian,0.41524,0.03476,000.00000000,000.00305371,000.00243473,000.03555992,000.18
Tournament (k=2),Arithmetic,Gaussian,0.60357,0.06746,000.00000000,000.00005667,000.00004387,000.00044399,000.21
Tournament (k=2),Arithmetic,Gaussian,0.47332,0.03673,000.00000000,000.00233393,000.00156975,000.02198160,000.20
Tournament (k=2),Arithmetic,Gaussian,0.65045,0.04336,000.00000000,000.00095787,000.00077057,000.00531285,000.25
Tournament (k=2),Arithmetic,Gaussian,0.45594,0.04582,000.00000000,000.00056751,000.00039959,000.00563097,000.26
Tournament (k=2),Arithmetic,Gaussian,0.54969,0.07130,000.00000000,000.00007050,000.00005054,000.00205041,000.30
Tournament (k=2),Arithmetic,Gaussian,0.56007,0.13095,000.00000000,000.00004399,000.00004101,000.00073395,000.29
Tournament (k=2),Arithmetic,Gaussian,0.50063,0.05716,000.00000000,000.00025976,000.00025177,000.00349346,000.28
Tournament (k=2),Arithmetic,Gaussian,0.59239,0.03289,000.00000000,000.00276642,000.00159168,000.02372751,000.25
Tournament (k=2),Arithmetic,Gaussian,0.65045,0.24050,000.00040054,000.01444721,000.01474857,000.10544342,000.34
Tournament (k=2),Arithmetic,Gaussian,0.51008,0.11094,000.00000000,000.00000975,000.00000763,000.00050478,000.75
Tournament (k=2),Arithmetic,Gaussian,0.43920,0.28387,000.00089836,000.03135509,000.03290939,000.14324276,000.52
Tournament (k=2),Arithmetic,Gaussian,0.51971,0.22757,000.00004196,000.01048386,000.01205349,000.04006075,000.32
Tournament (k=2),Arithmetic,Gaussian,0.61496,0.02495,000.00000000,000.00299687,000.00267124,000.05270132,000.19
Tournament (k=2),Arithmetic,Gaussian,0.51971,0.05118,000.00000000,000.00052438,000.00043583,000.00820265,000.21
Tournament (k=2),Arithmetic,Gaussian,0.53951,0.18243,000.00004005,000.00116861,000.00107384,000.00573915,000.41
Tournament (k=2),Arithmetic,Gaussian,0.56007,0.02234,000.00000000,000.00649817,000.00579643,000.16219789,000.35
Tournament (k=2),Arithmetic,Gaussian,0.40000,0.21533,000.00003624,000.00596521,000.00663853,000.02227218,000.41
Tournament (k=2),Arithmetic,Gaussian,0.48225,0.08894,000.00000000,000.00001671,000.00000954,000.00080349,000.23
Tournament (k=2),Arithmetic,Gaussian,0.42308,0.08415,000.00000000,000.00005057,000.00002956,000.00126595,000.23
Tournament (k=2),Arithmetic,Gaussian,0.58141,0.08894,000.00000000,000.00000944,000.00000477,000.00043010,000.30
Tournament (k=2),Arithmetic,Gaussian,0.60357,0.07130,000.00000000,000.00004015,000.00002670,000.00083187,000.29
Tournament (k=2),Arithmetic,Gaussian,0.63840,0.02000,000.00000000,000.00931075,000.00784874,000.13672093,000.38
Tournament (k=2),Arithmetic,Gaussian,0.44749,0.11724,000.00000000,000.00000849,000.00000668,000.00016766,000.34
Tournament (k=2),Arithmetic,Gaussian,0.49135,0.02786,000.00000000,000.00277121,000.00310326,000.02446116,000.18
Tournament (k=2),Arithmetic,Gaussian,0.40000,0.04842,000.00000000,000.00115020,000.00121784,000.01539172,000.20
Tournament (k=2),Arithmetic,Gaussian,0.50063,0.30000,000.00085449,000.04749734,000.06003666,000.07108668,000.61
Tournament (k=2),Arithmetic,Gaussian,0.63840,0.11724,000.00000000,000.00001123,000.00001144,000.00023795,000.32
Tournament (k=2),Arithmetic,Gaussian,0.43107,0.02234,000.00000000,000.00832717,000.00596523,000.09772962,000.22
Tournament (k=2),Arithmetic,Gaussian,0.40755,0.09933,000.00000000,000.00003252,000.00003052,000.00071433,000.26
Tournament (k=2),Arithmetic,Gaussian,0.61496,0.02637,000.00000000,000.00721269,000.00550365,000.16145703,000.22
Tournament (k=2),Arithmetic,Gaussian,0.43920,0.06040,000.00000000,000.00021513,000.00016880,000.00268620,000.27
Tournament (k=2),Arithmetic,Gaussian,0.43107,0.14625,000.00000000,000.00008860,000.00007343,000.00088414,000.30
Tournament (k=2),Arithmetic,Gaussian,0.41524,0.18243,000.00000381,000.00121639,000.00138187,000.00578712,000.29
Tournament (k=2),Arithmetic,Gaussian,0.45594,0.04842,000.00000000,000.00070837,000.00037766,000.00749582,000.41
Tournament (k=2),Arithmetic,Gaussian,0.61496,0.15456,000.00000000,000.00028236,000.00027180,000.00129444,000.30
Tournament (k=2),Arithmetic,Gaussian,0.57064,0.26861,000.00049973,000.02330213,000.02566051,000.05039985,000.50
Tournament (k=2),Arithmetic,Gaussian,0.53951,0.04103,000.00000000,000.00076280,000.00063419,000.00742539,000.21
Tournament (k=2),Arithmetic,Gaussian,0.49135,0.02945,000.00000000,000.00295386,000.00264168,000.12620376,000.21
Tournament (k=2),Arithmetic,Gaussian,0.46455,0.09933,000.00000000,000.00002131,000.00002003,000.00015984,000.31
Tournament (k=2),Arithmetic,Gaussian,0.62657,0.05408,000.00000000,000.00050051,000.00034809,000.00522013,000.27
Tournament (k=2),Arithmetic,Gaussian,0.59239,0.19280,000.00015640,000.00313764,000.00347042,000.01100101,000.30
Tournament (k=2),Arithmetic,Gaussian,0.65045,0.04582,000.00000000,000.00094440,000.00087261,000.00775425,000.25
Tournament (k=2),Arithmetic,Gaussian,0.49135,0.15456,000.00000000,000.00026686,000.00028229,000.00160902,000.49
Tournament (k=2),Arithmetic,Gaussian,0.57064,0.05408,000.00000000,000.00036945,000.00031471,000.00375858,000.27
Tournament (k=2),Arithmetic,Gaussian,0.50063,0.06040,000.00000000,000.00028443,000.00019360,000.00456373,000.29
Tournament (k=2),Arithmetic,Gaussian,0.54969,0.07535,000.00000000,000.00006649,000.00006104,000.00050400,000.29
Tournament (k=2),Arithmetic,Gaussian,0.40755,0.10497,000.00000000,000.00001075,000.00000763,000.00018318,000.29
Tournament (k=2),Arithmetic,Gaussian,0.51971,0.05408,000.00000000,000.00060647,000.00043869,000.00381565,000.21
Tournament (k=2),Arithmetic,Gaussian,0.42308,0.08894,000.00000000,000.00006671,000.00007057,000.00052475,000.43
Tournament (k=2),Arithmetic,Gaussian,0.65045,0.25416,000.00147629,000.02115717,000.02089882,000.05693908,000.34
Tournament (k=2),Arithmetic,Gaussian,0.51971,0.24050,000.00017357,000.01268759,000.01619911,000.04819482,000.31
Tournament (k=2),Arithmetic,Gaussian,0.56007,0.02361,000.00000000,000.00697868,000.00619316,000.08723149,000.22
Tournament (k=2),Arithmetic,Gaussian,0.45594,0.22757,000.00037766,000.01156003,000.01316166,000.03251940,000.63
Tournament (k=2),Arithmetic,Gaussian,0.56007,0.13839,000.00000000,000.00005386,000.00005913,000.00031251,000.41
Tournament (k=2),Arithmetic,Gaussian,0.41524,0.19280,000.00005341,000.00232711,000.00255013,000.00660318,000.35
Tournament (k=2),Arithmetic,Gaussian,0.44749,0.12391,000.00000000,000.00002210,000.00001907,000.00028751,000.47
Tournament (k=2),Arithmetic,Gaussian,0.48225,0.09399,000.00000000,000.00002007,000.00001240,000.00073522,000.22
Tournament (k=2),Arithmetic,Gaussian,0.49135,0.03112,000.00000000,000.00343354,000.00330257,000.02047264,000.30
Tournament (k=2),Arithmetic,Gaussian,0.51008,0.11724,000.00000000,000.00000947,000.00000954,000.00014508,000.44
Tournament (k=2),Arithmetic,Gaussian,0.41524,0.03673,000.00000000,000.00168579,000.00101852,000.02083610,000.18
Tournament (k=2),Arithmetic,Gaussian,0.52952,0.10497,000.00000000,000.00000665,000.00000763,000.00010828,000.24
Tournament (k=2),Arithmetic,Gaussian,0.47332,0.03882,000.00000000,000.00130484,000.00097942,000.01704738,000.19
Tournament (k=2),Arithmetic,Gaussian,0.43920,0.30000,000.00090027,000.04696624,000.05326748,000.14017737,000.47
Tournament (k=2),Arithmetic,Gaussian,0.60357,0.07535,000.00000000,000.00003614,000.00002289,000.00052750,000.22
Tournament (k=2),Arithmetic,Gaussian,0.63840,0.02114,000.00000000,000.00763431,000.00559235,000.11619159,000.23
Tournament (k=2),Arithmetic,Gaussian,0.40000,0.05118,000.00000000,000.00082896,000.00047398,000.00818516,000.21
Tournament (k=2),Arithmetic,Gaussian,0.46455,0.10497,000.00000000,000.00001283,000.00000763,000.00022017,000.38
Tournament (k=2),Arithmetic,Gaussian,0.61496,0.02786,000.00000000,000.00373349,000.00263786,000.09637295,000.21
Tournament (k=2),Arithmetic,Gaussian,0.62657,0.05716,000.00000000,000.00014622,000.00010014,000.01244667,000.34
Tournament (k=2),Arithmetic,Gaussian,0.51008,0.02000,000.00000000,000.01000891,000.00814056,000.15756305,000.24
Tournament (k=2),Arithmetic,Gaussian,0.58141,0.09399,000.00000000,000.00000975,000.00000954,000.00012198,000.30
Tournament (k=2),Arithmetic,Gaussian,0.53951,0.19280,000.00003433,000.00361011,000.00426197,000.00882129,000.44
Tournament (k=2),Arithmetic,Gaussian,0.43107,0.02361,000.00000000,000.00600872,000.00670338,000.10383253,000.24
Tournament (k=2),Arithmetic,Gaussian,0.59239,0.03476,000.00000000,000.00223293,000.00208092,000.01946006,000.25
Tournament (k=2),Arithmetic,Gaussian,0.43920,0.06384,000.00000000,000.00024743,000.00017357,000.00371218,000.24
Tournament (k=2),Arithmetic,Gaussian,0.45594,0.05118,000.00000000,000.00086274,000.00088024,000.00601968,000.21
Tournament (k=2),Arithmetic,Gaussian,0.63840,0.12391,000.00000000,000.00002120,000.00002289,000.00038400,000.34
Tournament (k=2),Arithmetic,Gaussian,0.43107,0.15456,000.00000000,000.00018499,000.00019455,000.00157285,000.31
Tournament (k=2),Arithmetic,Gaussian,0.47332,0.20375,000.00008774,000.00598760,000.00700665,000.01771061,000.32
Tournament (k=2),Arithmetic,Gaussian,0.61496,0.16334,000.00000954,000.00052001,000.00053692,000.00312966,000.32
Tournament (k=2),Arithmetic,Gaussian,0.60357,0.07963,000.00000000,000.00002017,000.00000954,000.00050822,000.28
Tournament (k=2),Arithmetic,Gaussian,0.67523,0.03112,000.00000000,000.00312598,000.00311089,000.08785871,000.29
Tournament (k=2),Arithmetic,Gaussian,0.57064,0.05716,000.00000000,000.00024920,000.00021076,000.00219484,000.21
Tournament (k=2),Arithmetic,Gaussian,0.65045,0.04842,000.00000000,000.00045776,000.00035000,000.00337681,000.25
Tournament (k=2),Arithmetic,Gaussian,0.66272,0.08415,000.00000000,000.00000947,000.00000763,000.00062955,000.36
Tournament (k=2),Arithmetic,Gaussian,0.40000,0.22757,000.00013924,000.01005893,000.01086712,000.02143093,000.30
Tournament (k=2),Arithmetic,Gaussian,0.51971,0.05716,000.00000000,000.00013933,000.00011826,000.00195068,000.20
Tournament (k=2),Arithmetic,Gaussian,0.40755,0.11094,000.00000000,000.00001779,000.00001526,000.00026262,000.23
Tournament (k=2),Arithmetic,Gaussian,0.42308,0.09399,000.00000000,000.00004027,000.00003052,000.00093536,000.23
Tournament (k=2),Arithmetic,Gaussian,0.50063,0.06384,000.00000000,000.00019648,000.00013447,000.00159763,000.28
Tournament (k=2),Arithmetic,Gaussian,0.68798,0.06746,000.00000000,000.00008371,000.00005341,000.00266292,000.37
Tournament (k=2),Arithmetic,Gaussian,0.57064,0.28387,000.00197411,000.02687583,000.02861881,000.04802037,000.46
Tournament (k=2),Arithmetic,Gaussian,0.54969,0.07963,000.00000000,000.00002928,000.00002193,000.00036713,000.30
Tournament (k=2),Arithmetic,Gaussian,0.70097,0.02495,000.00000000,000.00570340,000.00514889,000.04432618,000.38
Tournament (k=2),Arithmetic,Gaussian,0.49135,0.16334,000.00000381,000.00047772,000.00052834,000.00149165,000.42
Tournament (k=2),Arithmetic,Gaussian,0.59239,0.20375,000.00015068,000.00477445,000.00515652,000.01317368,000.45
Tournament (k=2),Arithmetic,Gaussian,0.67523,0.18243,000.00004005,000.00242856,000.00262356,000.00789841,000.45
Tournament (k=2),Arithmetic,Gaussian,0.70097,0.14625,000.00000381,000.00015984,000.00014400,000.00070926,000.36
Tournament (k=2),Arithmetic,Gaussian,0.56007,0.02495,000.00000000,000.00629752,000.00570774,000.10310888,000.24
Tournament (k=2),Arithmetic,Gaussian,0.49135,0.03289,000.00000000,000.00309155,000.00273132,000.03897838,000.19
Tournament (k=2),Arithmetic,Gaussian,0.41524,0.03882,000.00000000,000.00212879,000.00164032,000.01130458,000.19
Tournament (k=2),Arithmetic,Gaussian,0.47332,0.04103,000.00000000,000.00146458,000.00113201,000.01296468,000.18
Tournament (k=2),Arithmetic,Gaussian,0.48225,0.09933,000.00000000,000.00001209,000.00000763,000.00015935,000.23
Tournament (k=2),Arithmetic,Gaussian,0.51971,0.25416,000.00009918,000.01906302,000.02280712,000.04025555,000.31
Tournament (k=2),Arithmetic,Gaussian,0.52952,0.11094,000.00000000,000.00001152,000.00001144,000.00011953,000.26
Tournament (k=2),Arithmetic,Gaussian,0.65045,0.05118,000.00000000,000.00051851,000.00037670,000.00919652,000.37
Tournament (k=2),Arithmetic,Gaussian,0.49135,0.03476,000.00000000,000.00229023,000.00191116,000.01543812,000.19
Tournament (k=2),Arithmetic,Gaussian,0.40000,0.05408,000.00000000,000.00059755,000.00055790,000.00537787,000.20
Tournament (k=2),Arithmetic,Gaussian,0.44749,0.02000,000.00000000,000.01077149,000.00886917,000.13650098,000.23
Tournament (k=2),Arithmetic,Gaussian,0.47332,0.04336,000.00000000,000.00112183,000.00070381,000.01012505,000.20
Tournament (k=2),Arithmetic,Gaussian,0.62657,0.06040,000.00000000,000.00014396,000.00011826,000.00158095,000.22
Tournament (k=2),Arithmetic,Gaussian,0.63840,0.02234,000.00000000,000.00734348,000.00481415,000.17807290,000.24
Tournament (k=2),Arithmetic,Gaussian,0.53951,0.04336,000.00000000,000.00105169,000.00078487,000.01126645,000.25
Tournament (k=2),Arithmetic,Gaussian,0.51008,0.02114,000.00000000,000.01141634,000.00869560,000.19723083,000.24
Tournament (k=2),Arithmetic,Gaussian,0.65045,0.26861,000.00116348,000.03321171,000.03784561,000.14977857,000.54
Tournament (k=2),Arithmetic,Gaussian,0.41524,0.20375,000.00003433,000.00386157,000.00457478,000.02719852,000.48
Tournament (k=2),Arithmetic,Gaussian,0.66272,0.08894,000.00000000,000.00000412,000.00000381,000.00005172,000.49
Tournament (k=2),Arithmetic,Gaussian,0.51008,0.12391,000.00000000,000.00001311,000.00001335,000.00040386,000.46
Tournament (k=2),Arithmetic,Gaussian,0.43107,0.02495,000.00000000,000.00557385,000.00523853,000.11975325,000.25
Tournament (k=2),Arithmetic,Gaussian,0.48225,0.10497,000.00000000,000.00001900,000.00001144,000.00046898,000.25
Tournament (k=2),Arithmetic,Gaussian,0.45594,0.24050,000.00013542,000.01296127,000.01377487,000.03366198,000.53
Tournament (k=2),Arithmetic,Gaussian,0.44749,0.13095,000.00000000,000.00002975,000.00002289,000.00026594,000.52
Tournament (k=2),Arithmetic,Gaussian,0.58141,0.09933,000.00000000,000.00001028,000.00000572,000.00089625,000.32
Tournament (k=2),Arithmetic,Gaussian,0.46455,0.11094,000.00000000,000.00001111,000.00000763,000.00016512,000.33
Tournament (k=2),Arithmetic,Gaussian,0.49135,0.03673,000.00000000,000.00165966,000.00148010,000.01557830,000.20
Tournament (k=2),Arithmetic,Gaussian,0.59239,0.03673,000.00000000,000.00150423,000.00119972,000.01136539,000.25
Tournament (k=2),Arithmetic,Gaussian,0.71420,0.05408,000.00000000,000.00022340,000.00021362,000.00164213,000.61
Tournament (k=2),Arithmetic,Gaussian,0.43920,0.06746,000.00000000,000.00027089,000.00020981,000.00278441,000.28
Tournament (k=2),Arithmetic,Gaussian,0.51971,0.26861,000.00055313,000.02470570,000.02807236,000.04870954,000.39
Tournament (k=2),Arithmetic,Gaussian,0.60357,0.08415,000.00000000,000.00001903,000.00001144,000.00021590,000.23
Tournament (k=2),Arithmetic,Gaussian,0.44749,0.02114,000.00000000,000.00773921,000.00757885,000.13701570,000.24
Tournament (k=2),Arithmetic,Gaussian,0.67523,0.03289,000.00000000,000.00197880,000.00184631,000.01485230,000.18
Tournament (k=2),Arithmetic,Gaussian,0.40000,0.05716,000.00000000,000.00039921,000.00035381,000.00678815,000.33
Tournament (k=2),Arithmetic,Gaussian,0.61496,0.17262,000.00001526,000.00086687,000.00108719,000.00319523,000.29
Tournament (k=2),Arithmetic,Gaussian,0.52952,0.11724,000.00000000,000.00001190,000.00000668,000.00009116,000.42
Tournament (k=2),Arithmetic,Gaussian,0.47332,0.21533,000.00026894,000.00806415,000.00829983,000.01767685,000.31
Tournament (k=2),Arithmetic,Gaussian,0.51971,0.06040,000.00000000,000.00024364,000.00010872,000.00182107,000.21
Tournament (k=2),Arithmetic,Gaussian,0.40755,0.11724,000.00000000,000.00003669,000.00002575,000.00029208,000.25
Tournament (k=2),Arithmetic,Gaussian,0.57064,0.06040,000.00000000,000.00024984,000.00015450,000.00361091,000.28
Tournament (k=2),Arithmetic,Gaussian,0.42308,0.09933,000.00000000,000.00002773,000.00002193,000.00060722,000.23
Tournament (k=2),Arithmetic,Gaussian,0.43107,0.16334,000.00000381,000.00049224,000.00050545,000.00340792,000.37
Tournament (k=2),Arithmetic,Gaussian,0.63840,0.13095,000.00000000,000.00004632,000.00004673,000.00053691,000.38
Tournament (k=2),Arithmetic,Gaussian,0.53951,0.20375,000.00001526,000.00468960,000.00589085,000.01026825,000.62
Tournament (k=2),Arithmetic,Gaussian,0.40000,0.24050,000.00029755,000.01284995,000.01425743,000.02886035,000.33
Tournament (k=2),Arithmetic,Gaussian,0.50063,0.06746,000.00000000,000.00013416,000.00009537,000.00136846,000.28
Tournament (k=2),Arithmetic,Gaussian,0.68798,0.07130,000.00000000,000.00004601,000.00003815,000.00060586,000.28
Tournament (k=2),Arithmetic,Gaussian,0.56007,0.14625,000.00000000,000.00009794,000.00009823,000.00040180,000.37
Tournament (k=2),Arithmetic,Gaussian,0.70097,0.02637,000.00000000,000.00428727,000.00457096,000.14191461,000.23
Tournament (k=2),Arithmetic,Gaussian,0.54969,0.08415,000.00000000,000.00003715,000.00002289,000.00046528,000.30
Tournament (k=2),Arithmetic,Gaussian,0.61496,0.02945,000.00000000,000.00260217,000.00206375,000.10924037,000.18
Tournament (k=2),Arithmetic,Gaussian,0.44749,0.02234,000.00000000,000.00747211,000.00878620,000.12352094,000.26
Tournament (k=2),Arithmetic,Gaussian,0.56007,0.02637,000.00000000,000.00406058,000.00266075,000.14121059,000.24
Tournament (k=2),Arithmetic,Gaussian,0.67523,0.19280,000.00007248,000.00419276,000.00436306,000.09936953,000.30
Tournament (k=2),Arithmetic,Gaussian,0.59239,0.21533,000.00057983,000.00801399,000.00889874,000.02015327,000.30
Tournament (k=2),Arithmetic,Gaussian,0.51971,0.06384,000.00000000,000.00011334,000.00003815,000.00178741,000.23
Tournament (k=2),Arithmetic,Gaussian,0.43920,0.07130,000.00000000,000.00011909,000.00012684,000.00116058,000.35
Tournament (k=2),Arithmetic,Gaussian,0.47332,0.04582,000.00000000,000.00102470,000.00086689,000.00663248,000.20
Tournament (k=2),Arithmetic,Gaussian,0.45594,0.05408,000.00000000,000.00045600,000.00036430,000.00663706,000.23
Tournament (k=2),Arithmetic,Gaussian,0.65045,0.05408,000.00000000,000.00025706,000.00019932,000.00187839,000.26
Tournament (k=2),Arithmetic,Gaussian,0.53951,0.04582,000.00000000,000.00071888,000.00054359,000.00368800,000.20
Tournament (k=2),Arithmetic,Gaussian,0.62657,0.06384,000.00000000,000.00012519,000.00009060,000.00577338,000.27
Tournament (k=2),Arithmetic,Gaussian,0.47332,0.22757,000.00024223,000.00978665,000.01136398,000.05353817,000.38
Tournament (k=2),Arithmetic,Gaussian,0.51008,0.02234,000.00000000,000.00621367,000.00596237,000.07043280,000.22
Tournament (k=2),Arithmetic,Gaussian,0.57064,0.30000,000.00186539,000.04842272,000.05743217,000.19677453,000.53
Tournament (k=2),Arithmetic,Gaussian,0.66272,0.09399,000.00000000,000.00000508,000.00000381,000.00020800,000.23
Tournament (k=2),Arithmetic,Gaussian,0.43107,0.02637,000.00000000,000.00593867,000.00445938,000.04729952,000.23
Tournament (k=2),Arithmetic,Gaussian,0.49135,0.03882,000.00000000,000.00174837,000.00132179,000.01019529,000.20
Tournament (k=2),Arithmetic,Gaussian,0.41524,0.21533,000.00023651,000.00675433,000.00814819,000.01428988,000.31
Tournament (k=2),Arithmetic,Gaussian,0.48225,0.11094,000.00000000,000.00001020,000.00000954,000.00016954,000.24
Tournament (k=2),Arithmetic,Gaussian,0.59239,0.03882,000.00000000,000.00107231,000.00089169,000.00681304,000.24
Tournament (k=2),Arithmetic,Gaussian,0.65045,0.28387,000.00102997,000.03347123,000.03575134,000.10906295,000.39
Tournament (k=2),Arithmetic,Gaussian,0.51008,0.13095,000.00000000,000.00004182,000.00004196,000.00022063,000.36
Tournament (k=2),Arithmetic,Gaussian,0.67523,0.03476,000.00000000,000.00185199,000.00168991,000.03984367,000.19
Tournament (k=2),Arithmetic,Gaussian,0.58141,0.10497,000.00000000,000.00000572,000.00000381,000.00024490,000.31
Tournament (k=2),Arithmetic,Gaussian,0.71420,0.05716,000.00000000,000.00016215,000.00012207,000.00806149,000.26
Tournament (k=2),Arithmetic,Gaussian,0.70097,0.15456,000.00000000,000.00030029,000.00027657,000.00098756,000.59
Tournament (k=2),Arithmetic,Gaussian,0.46455,0.11724,000.00000000,000.00001459,000.00001049,000.00043318,000.32
Tournament (k=2),Arithmetic,Gaussian,0.44749,0.13839,000.00000000,000.00005171,000.00004673,000.00056027,000.34
Tournament (k=2),Arithmetic,Gaussian,0.51971,0.28387,000.00041771,000.03375642,000.03793049,000.13293497,000.33
Tournament (k=2),Arithmetic,Gaussian,0.45594,0.25416,000.00023460,000.01976264,000.02128887,000.06639825,000.40
Tournament (k=2),Arithmetic,Gaussian,0.49135,0.17262,000.00000191,000.00082927,000.00098133,000.00372898,000.29
Tournament (k=2),Arithmetic,Gaussian,0.40755,0.12391,000.00000000,000.00001345,000.00000954,000.00025732,000.24
Tournament (k=2),Arithmetic,Gaussian,0.52952,0.12391,000.00000000,000.00001829,000.00001526,000.00050150,000.27
Tournament (k=2),Arithmetic,Gaussian,0.61496,0.18243,000.00011826,000.00214982,000.00235271,000.00700284,000.32
Tournament (k=2),Arithmetic,Gaussian,0.43107,0.02786,000.00000000,000.00384893,000.00271797,000.04551072,000.28
Tournament (k=2),Arithmetic,Gaussian,0.48225,0.11724,000.00000000,000.00001707,000.00001335,000.00016050,000.32
Tournament (k=2),Arithmetic,Gaussian,0.42308,0.10497,000.00000000,000.00002861,000.00002289,000.00031952,000.24
Tournament (k=2),Arithmetic,Gaussian,0.61496,0.03112,000.00000000,000.00239573,000.00169182,000.01902324,000.19
Tournament (k=2),Arithmetic,Gaussian,0.68798,0.07535,000.00000000,000.00002060,000.00001812,000.00060312,000.21
Tournament (k=2),Arithmetic,Gaussian,0.63840,0.02361,000.00000000,000.00837309,000.00692558,000.19162270,000.22
Tournament (k=2),Arithmetic,Gaussian,0.44749,0.02361,000.00000000,000.00975266,000.00720596,000.18510862,000.23
Tournament (k=2),Arithmetic,Gaussian,0.56007,0.02786,000.00000000,000.00571170,000.00585556,000.05956223,000.24
Tournament (k=2),Arithmetic,Gaussian,0.51971,0.06746,000.00000000,000.00011322,000.00011635,000.00127242,000.22
Tournament (k=2),Arithmetic,Gaussian,0.45594,0.05716,000.00000000,000.00040834,000.00042629,000.00476363,000.54
Tournament (k=2),Arithmetic,Gaussian,0.50063,0.07130,000.00000000,000.00010371,000.00005913,000.00077532,000.29
Tournament (k=2),Arithmetic,Gaussian,0.70097,0.02786,000.00000000,000.00334740,000.00227928,000.05964678,000.27
Tournament (k=2),Arithmetic,Gaussian,0.47332,0.04842,000.00000000,000.00054948,000.00037766,000.00804843,000.22
Tournament (k=2),Arithmetic,Gaussian,0.59239,0.04103,000.00000000,000.00105331,000.00077152,000.00984549,000.37
Tournament (k=2),Arithmetic,Gaussian,0.63840,0.13839,000.00000000,000.00011683,000.00011635,000.00043133,000.33
Tournament (k=2),Arithmetic,Gaussian,0.67523,0.20375,000.00020218,000.00527437,000.00501537,000.02016960,000.31
Tournament (k=2),Arithmetic,Gaussian,0.43920,0.07535,000.00000000,000.00007775,000.00006580,000.00209744,000.26
Tournament (k=2),Arithmetic,Gaussian,0.59239,0.22757,000.00021362,000.01193986,000.01282024,000.02536814,000.32
Tournament (k=2),Arithmetic,Gaussian,0.43107,0.17262,000.00000763,000.00060654,000.00072289,000.00266133,000.43
Tournament (k=2),Arithmetic,Gaussian,0.60357,0.08894,000.00000000,000.00000832,000.00000477,000.00012128,000.27
Tournament (k=2),Arithmetic,Gaussian,0.53951,0.04842,000.00000000,000.00057781,000.00042629,000.00648835,000.24
Tournament (k=2),Arithmetic,Gaussian,0.53951,0.21533,000.00015640,000.00757051,000.00889587,000.02340918,000.50
Tournament (k=2),Arithmetic,Gaussian,0.58141,0.02000,000.00000000,000.01878104,000.01702309,000.15918396,000.21
Tournament (k=2),Arithmetic,Gaussian,0.51008,0.02361,000.00000000,000.00874312,000.00994873,000.15869221,000.22
Tournament (k=2),Arithmetic,Gaussian,0.47332,0.05118,000.00000000,000.00058329,000.00048542,000.00874164,000.20
Tournament (k=2),Arithmetic,Gaussian,0.49135,0.04103,000.00000000,000.00079987,000.00064182,000.01902511,000.19
Tournament (k=2),Arithmetic,Gaussian,0.67523,0.03673,000.00000000,000.00123699,000.00097752,000.01239278,000.18
Tournament (k=2),Arithmetic,Gaussian,0.66272,0.09933,000.00000000,000.00000389,000.00000381,000.00008430,000.25
Tournament (k=2),Arithmetic,Gaussian,0.51971,0.30000,000.00011063,000.04351415,000.04759693,000.18336169,000.54
Tournament (k=2),Arithmetic,Gaussian,0.68798,0.07963,000.00000000,000.00001149,000.00000858,000.00031563,000.33
Tournament (k=2),Arithmetic,Gaussian,0.41524,0.22757,000.00032043,000.00938811,000.00958824,000.02691708,000.73
Tournament (k=2),Arithmetic,Gaussian,0.57064,0.06384,000.00000000,000.00011814,000.00012302,000.00120860,000.27
Tournament (k=2),Arithmetic,Gaussian,0.40000,0.25416,000.00050735,000.01584337,000.01606560,000.03429465,001.09
Tournament (k=2),Arithmetic,Gaussian,0.71420,0.06040,000.00000000,000.00013683,000.00008965,000.00115879,000.26
Tournament (k=2),Arithmetic,Gaussian,0.58141,0.11094,000.00000000,000.00000978,000.00000763,000.00023171,000.32
Tournament (k=2),Arithmetic,Gaussian,0.51008,0.13839,000.00000000,000.00006204,000.00005722,000.00033805,000.34
Tournament (k=2),Arithmetic,Gaussian,0.56007,0.15456,000.00000381,000.00028753,000.00030708,000.00299835,000.73
Tournament (k=2),Arithmetic,Gaussian,0.46455,0.12391,000.00000000,000.00001915,000.00001717,000.00011691,000.37
Tournament (k=2),Arithmetic,Gaussian,0.53951,0.05118,000.00000000,000.00049374,000.00030994,000.00473562,000.31
Tournament (k=2),Arithmetic,Gaussian,0.70097,0.16334,000.00001335,000.00077903,000.00070000,000.00452814,000.40
Tournament (k=2),Arithmetic,Gaussian,0.40755,0.13095,000.00000000,000.00003867,000.00003529,000.00055643,000.25
Tournament (k=2),Arithmetic,Gaussian,0.65045,0.30000,000.00323486,000.04133015,000.05082989,000.10705108,000.45
Tournament (k=2),Arithmetic,Gaussian,0.52952,0.13095,000.00000000,000.00002320,000.00001335,000.00027118,000.26
Tournament (k=2),Arithmetic,Gaussian,0.43107,0.18243,000.00004578,000.00180624,000.00174046,000.00602013,000.39
Tournament (k=2),Arithmetic,Gaussian,0.61496,0.03289,000.00000000,000.00253620,000.00173855,000.02974421,000.59
Tournament (k=2),Arithmetic,Gaussian,0.54969,0.08894,000.00000000,000.00001111,000.00000858,000.00149695,000.31
Tournament (k=2),Arithmetic,Gaussian,0.42308,0.11094,000.00000000,000.00002046,000.00001526,000.00027767,000.25
Tournament (k=2),Arithmetic,Gaussian,0.60357,0.09399,000.00000000,000.00000894,000.00000763,000.00164116,000.36
Tournament (k=2),Arithmetic,Gaussian,0.48225,0.12391,000.00000000,000.00002506,000.00002384,000.00013400,000.25
Tournament (k=2),Arithmetic,Gaussian,0.72768,0.02000,000.00000381,000.01316137,000.01238823,000.16329868,000.54
Tournament (k=2),Arithmetic,Gaussian,0.63840,0.02495,000.00000000,000.00350006,000.00305080,000.03989461,000.24
Tournament (k=2),Arithmetic,Gaussian,0.49135,0.04336,000.00000000,000.00055401,000.00038910,000.00785380,000.31
Tournament (k=2),Arithmetic,Gaussian,0.61496,0.19280,000.00008583,000.00297046,000.00286865,000.00851761,000.29
Tournament (k=2),Arithmetic,Gaussian,0.44749,0.02495,000.00000000,000.00576687,000.00675964,000.11361945,000.58
Tournament (k=2),Arithmetic,Gaussian,0.65045,0.05716,000.00000000,000.00019886,000.00015450,000.00726434,000.27
Tournament (k=2),Arithmetic,Gaussian,0.59239,0.04336,000.00000000,000.00081241,000.00053978,000.00544531,000.60
Tournament (k=2),Arithmetic,Gaussian,0.47332,0.24050,000.00070953,000.01621144,000.01814461,000.02724814,001.14
Tournament (k=2),Arithmetic,Gaussian,0.45594,0.26861,000.00053978,000.02501156,000.02748680,000.10385777,000.46
Tournament (k=2),Arithmetic,Gaussian,0.51971,0.07130,000.00000000,000.00005991,000.00002670,000.00122315,000.22
Tournament (k=2),Arithmetic,Gaussian,0.66272,0.10497,000.00000000,000.00000558,000.00000381,000.00016123,000.47
Tournament (k=2),Arithmetic,Gaussian,0.40000,0.06040,000.00000000,000.00055590,000.00041580,000.00200956,000.20
Tournament (k=2),Arithmetic,Gaussian,0.56007,0.02945,000.00000000,000.00333967,000.00299740,000.01543161,000.24
Tournament (k=2),Arithmetic,Gaussian,0.67523,0.03882,000.00000000,000.00128705,000.00133419,000.01393799,000.20
Tournament (k=2),Arithmetic,Gaussian,0.47332,0.05408,000.00000000,000.00038104,000.00042820,000.00319782,000.21
Tournament (k=2),Arithmetic,Gaussian,0.45594,0.06040,000.00000000,000.00020089,000.00019455,000.00246667,000.28
Tournament (k=2),Arithmetic,Gaussian,0.58141,0.02114,000.00000000,000.01409600,000.01109409,000.23814289,000.24
Tournament (k=2),Arithmetic,Gaussian,0.50063,0.07535,000.00000000,000.00007401,000.00004864,000.00112292,000.28
Tournament (k=2),Arithmetic,Gaussian,0.51008,0.02495,000.00000000,000.00432522,000.00242805,000.08901753,000.24
Tournament (k=2),Arithmetic,Gaussian,0.62657,0.06746,000.00000000,000.00006471,000.00004673,000.00104010,000.30
Tournament (k=2),Arithmetic,Gaussian,0.43920,0.07963,000.00000000,000.00013473,000.00011253,000.00090719,000.27
Tournament (k=2),Arithmetic,Gaussian,0.67523,0.21533,000.00010872,000.00845947,000.00829124,000.09562679,000.30
Tournament (k=2),Arithmetic,Gaussian,0.59239,0.24050,000.00096130,000.01234119,000.01331139,000.01980079,000.32
Tournament (k=2),Arithmetic,Gaussian,0.49135,0.18243,000.00001717,000.00158164,000.00149155,000.00592389,000.66
Tournament (k=2),Arithmetic,Gaussian,0.52952,0.02000,000.00000000,000.01095765,000.01139069,000.10981692,000.17
Tournament (k=2),Arithmetic,Gaussian,0.61496,0.20375,000.00009537,000.00578012,000.00705338,000.01781600,000.36
Tournament (k=2),Arithmetic,Gaussian,0.53951,0.22757,000.00038338,000.01157162,000.01168728,000.01851252,000.69
Tournament (k=2),Arithmetic,Gaussian,0.63840,0.14625,000.00000191,000.00014861,000.00014019,000.00050068,000.42
Tournament (k=2),Arithmetic,Gaussian,0.48225,0.13095,000.00000000,000.00004859,000.00005341,000.00043947,000.42
Tournament (k=2),Arithmetic,Gaussian,0.43107,0.02945,000.00000000,000.00549681,000.00420570,000.08758100,000.24
Tournament (k=2),Arithmetic,Gaussian,0.66272,0.02000,000.00000000,000.00788958,000.00768948,000.13048154,000.17
Tournament (k=2),Arithmetic,Gaussian,0.53951,0.05408,000.00000000,000.00026994,000.00021458,000.00446226,000.22
Tournament (k=2),Arithmetic,Gaussian,0.68798,0.08415,000.00000000,000.00000966,000.00000572,000.00011111,000.30
Tournament (k=2),Arithmetic,Gaussian,0.57064,0.06746,000.00000000,000.00013330,000.00006676,000.00121576,000.28
Tournament (k=2),Arithmetic,Gaussian,0.41524,0.24050,000.00012970,000.01313360,000.01435852,000.03283280,000.31
Tournament (k=2),Arithmetic,Gaussian,0.71420,0.06384,000.00000000,000.00013099,000.00007057,000.00357591,000.27
Tournament (k=2),Arithmetic,Gaussian,0.40755,0.13839,000.00000000,000.00006034,000.00005054,000.00033680,000.26
Tournament (k=2),Arithmetic,Gaussian,0.61496,0.03476,000.00000000,000.00145693,000.00115871,000.01320841,000.19
Tournament (k=2),Arithmetic,Gaussian,0.52952,0.13839,000.00000000,000.00006139,000.00006008,000.00037511,000.27
Tournament (k=2),Arithmetic,Gaussian,0.50063,0.07963,000.00000000,000.00003719,000.00002098,000.00091798,000.34
Tournament (k=2),Arithmetic,Gaussian,0.70097,0.02945,000.00000000,000.00236650,000.00187206,000.01824771,000.24
Tournament (k=2),Arithmetic,Gaussian,0.60357,0.09933,000.00000000,000.00000474,000.00000381,000.00013057,000.24
Tournament (k=2),Arithmetic,Gaussian,0.51008,0.02637,000.00000000,000.00643609,000.00548840,000.10658533,000.37
Tournament (k=2),Arithmetic,Gaussian,0.42308,0.11724,000.00000000,000.00001962,000.00001144,000.00036381,000.26
Tournament (k=2),Arithmetic,Gaussian,0.62657,0.07130,000.00000000,000.00004766,000.00003338,000.00261253,000.37
Tournament (k=2),Arithmetic,Gaussian,0.54969,0.09399,000.00000000,000.00001171,000.00000763,000.00033864,000.32
Tournament (k=2),Arithmetic,Gaussian,0.49135,0.04582,000.00000000,000.00070124,000.00036621,000.00737729,000.20
Tournament (k=2),Arithmetic,Gaussian,0.72768,0.02114,000.00000000,000.00855722,000.00645828,000.17885800,000.23
Tournament (k=2),Arithmetic,Gaussian,0.63840,0.02637,000.00000000,000.00651901,000.00434494,000.08893508,000.24
Tournament (k=2),Arithmetic,Gaussian,0.65045,0.06040,000.00000000,000.00018237,000.00010395,000.00239215,000.27
Tournament (k=2),Arithmetic,Gaussian,0.51971,0.07535,000.00000000,000.00006466,000.00004387,000.00114250,000.22
Tournament (k=2),Arithmetic,Gaussian,0.67523,0.04103,000.00000000,000.00096269,000.00074196,000.00813567,000.19
Tournament (k=2),Arithmetic,Gaussian,0.59239,0.04582,000.00000000,000.00075049,000.00057125,000.00737992,000.26
Tournament (k=2),Arithmetic,Gaussian,0.40000,0.06384,000.00000000,000.00046508,000.00039673,000.00213783,000.21
Tournament (k=2),Arithmetic,Gaussian,0.47332,0.05716,000.00000000,000.00041785,000.00033283,000.00414843,000.21
Tournament (k=2),Arithmetic,Gaussian,0.66272,0.11094,000.00000000,000.00000422,000.00000381,000.00008410,000.25
Tournament (k=2),Arithmetic,Gaussian,0.56007,0.03112,000.00000000,000.00392368,000.00301647,000.10264661,000.24
Tournament (k=2),Arithmetic,Gaussian,0.47332,0.25416,000.00020409,000.01783178,000.01932716,000.07713690,000.32
Tournament (k=2),Arithmetic,Gaussian,0.52952,0.02114,000.00000000,000.00871437,000.00611973,000.07965489,000.18
Tournament (k=2),Arithmetic,Gaussian,0.45594,0.06384,000.00000000,000.00027499,000.00018024,000.00215635,000.65
Tournament (k=2),Arithmetic,Gaussian,0.43107,0.19280,000.00008583,000.00279162,000.00263786,000.00799667,000.96
Tournament (k=2),Arithmetic,Gaussian,0.58141,0.11724,000.00000000,000.00000906,000.00000763,000.00016323,000.70
Tournament (k=2),Arithmetic,Gaussian,0.67523,0.22757,000.00007248,000.01127355,000.00982571,000.06519867,000.31
Tournament (k=2),Arithmetic,Gaussian,0.68798,0.08894,000.00000000,000.00000825,000.00000381,000.00025989,000.49
Tournament (k=2),Arithmetic,Gaussian,0.56007,0.16334,000.00002098,000.00061772,000.00069141,000.00468743,000.76
Tournament (k=2),Arithmetic,Gaussian,0.41524,0.04103,000.00000000,000.00117006,000.00101757,000.01080824,000.19
Tournament (k=2),Arithmetic,Gaussian,0.51008,0.14625,000.00000000,000.00014226,000.00014877,000.00073368,000.37
Tournament (k=2),Arithmetic,Gaussian,0.58141,0.02234,000.00000000,000.00601573,000.00422192,000.13154535,000.77
Tournament (k=2),Arithmetic,Gaussian,0.40000,0.06746,000.00000000,000.00015697,000.00011444,000.00098864,000.22
Tournament (k=2),Arithmetic,Gaussian,0.43107,0.03112,000.00000000,000.00335400,000.00357819,000.11226286,000.23
Tournament (k=2),Arithmetic,Gaussian,0.43920,0.08415,000.00000000,000.00004125,000.00003433,000.00092145,000.76
Tournament (k=2),Arithmetic,Gaussian,0.52952,0.02234,000.00000000,000.00973895,000.00842762,000.07106872,000.18
Tournament (k=2),Arithmetic,Gaussian,0.47332,0.06040,000.00000000,000.00028665,000.00018883,000.00203706,000.23
Tournament (k=2),Arithmetic,Gaussian,0.48225,0.13839,000.00000000,000.00004940,000.00004387,000.00078759,000.26
Tournament (k=2),Arithmetic,Gaussian,0.49135,0.19280,000.00007057,000.00232496,000.00241756,000.00960893,000.39
Tournament (k=2),Arithmetic,Gaussian,0.40000,0.26861,000.00121307,000.02508509,000.02520466,000.06386519,000.45
Tournament (k=2),Arithmetic,Gaussian,0.63840,0.15456,000.00000191,000.00034134,000.00032043,000.00157285,000.63
Tournament (k=2),Arithmetic,Gaussian,0.45594,0.28387,000.00094986,000.03161132,000.03648376,000.12249641,000.55
Tournament (k=2),Arithmetic,Gaussian,0.72768,0.02234,000.00000000,000.00874543,000.00670338,000.13386351,000.34
Tournament (k=2),Arithmetic,Gaussian,0.66272,0.11724,000.00000000,000.00000877,000.00000763,000.00008408,000.31
Tournament (k=2),Arithmetic,Gaussian,0.46455,0.13095,000.00000000,000.00002844,000.00002670,000.00022957,000.51
Tournament (k=2),Arithmetic,Gaussian,0.53951,0.24050,000.00090218,000.01597271,000.01815319,000.03732067,000.35
Tournament (k=2),Arithmetic,Gaussian,0.70097,0.17262,000.00004578,000.00134125,000.00137043,000.00421971,000.54
Tournament (k=2),Arithmetic,Gaussian,0.59239,0.04842,000.00000000,000.00068641,000.00057507,000.00528323,000.39
Tournament (k=2),Arithmetic,Gaussian,0.71420,0.06746,000.00000000,000.00005972,000.00003147,000.00279623,000.73
Tournament (k=2),Arithmetic,Gaussian,0.61496,0.03673,000.00000000,000.00175176,000.00119781,000.02383681,000.21
Tournament (k=2),Arithmetic,Gaussian,0.54969,0.09933,000.00000000,000.00000823,000.00000381,000.00009001,000.56
Tournament (k=2),Arithmetic,Gaussian,0.44749,0.02637,000.00000000,000.00381594,000.00317192,000.14391062,000.24
Tournament (k=2),Arithmetic,Gaussian,0.41524,0.25416,000.00086594,000.01992881,000.02059364,000.05560305,000.32
Tournament (k=2),Arithmetic,Gaussian,0.49135,0.04842,000.00000000,000.00059214,000.00044918,000.00618534,000.21
Tournament (k=2),Arithmetic,Gaussian,0.51008,0.02786,000.00000000,000.00401855,000.00312424,000.06091643,000.25
Tournament (k=2),Arithmetic,Gaussian,0.40755,0.14625,000.00000000,000.00009818,000.00010490,000.00041796,000.27
Tournament (k=2),Arithmetic,Gaussian,0.70097,0.03112,000.00000000,000.00252936,000.00218296,000.08361925,000.26
Tournament (k=2),Arithmetic,Gaussian,0.42308,0.12391,000.00000000,000.00002301,000.00001621,000.00027476,000.26
Tournament (k=2),Arithmetic,Gaussian,0.60357,0.10497,000.00000000,000.00000324,000.00000191,000.00046598,000.27
Tournament (k=2),Arithmetic,Gaussian,0.62657,0.07535,000.00000000,000.00003366,000.00002289,000.00190750,000.30
Tournament (k=2),Arithmetic,Gaussian,0.50063,0.08415,000.00000000,000.00003591,000.00003242,000.00040634,000.31
Tournament (k=2),Arithmetic,Gaussian,0.40000,0.07130,000.00000000,000.00020034,000.00013733,000.00328823,000.33
Tournament (k=2),Arithmetic,Gaussian,0.51971,0.07963,000.00000000,000.00004203,000.00003242,000.00059916,000.23
Tournament (k=2),Arithmetic,Gaussian,0.63840,0.02786,000.00000000,000.00359244,000.00333214,000.03563177,000.27
Tournament (k=2),Arithmetic,Gaussian,0.67523,0.04336,000.00000000,000.00083456,000.00083542,000.00558700,000.24
Tournament (k=2),Arithmetic,Gaussian,0.59239,0.25416,000.00069427,000.02398760,000.02645683,000.06899369,000.34
Tournament (k=2),Arithmetic,Gaussian,0.66272,0.02114,000.00000000,000.00996809,000.00953865,000.04931846,000.22
Tournament (k=2),Arithmetic,Gaussian,0.65045,0.06384,000.00000000,000.00009370,000.00006676,000.00110580,000.30
Tournament (k=2),Arithmetic,Gaussian,0.53951,0.05716,000.00000000,000.00022442,000.00018883,000.00652892,000.22
Tournament (k=2),Arithmetic,Gaussian,0.41524,0.04336,000.00000000,000.00141151,000.00135708,000.01473484,000.20
Tournament (k=2),Arithmetic,Gaussian,0.57064,0.07130,000.00000000,000.00007184,000.00004005,000.00090130,000.29
Tournament (k=2),Arithmetic,Gaussian,0.45594,0.06746,000.00000000,000.00015585,000.00013828,000.00297486,000.29
Tournament (k=2),Arithmetic,Gaussian,0.42308,0.13095,000.00000000,000.00002751,000.00002670,000.00032029,000.28
Tournament (k=2),Arithmetic,Gaussian,0.70097,0.03289,000.00000000,000.00187051,000.00125313,000.02423719,000.29
Tournament (k=2),Arithmetic,Gaussian,0.56007,0.03289,000.00000000,000.00229075,000.00178146,000.04457691,000.74
Tournament (k=2),Arithmetic,Gaussian,0.44749,0.14625,000.00000000,000.00009971,000.00007820,000.00091129,000.69
Tournament (k=2),Arithmetic,Gaussian,0.60357,0.11094,000.00000000,000.00000408,000.00000381,000.00011924,000.28
Tournament (k=2),Arithmetic,Gaussian,0.67523,0.24050,000.00023460,000.01519742,000.01537418,000.10724568,000.33
Tournament (k=2),Arithmetic,Gaussian,0.74141,0.04336,000.00000000,000.00152330,000.00142097,000.18515001,000.39
Tournament (k=2),Arithmetic,Gaussian,0.61496,0.21533,000.00028038,000.00890396,000.01156521,000.02028657,000.45
Tournament (k=2),Arithmetic,Gaussian,0.58141,0.02361,000.00000000,000.00770345,000.00536919,000.14176185,000.24
Tournament (k=2),Arithmetic,Gaussian,0.52952,0.02361,000.00000000,000.00689402,000.00543976,000.18056113,000.18
Tournament (k=2),Arithmetic,Gaussian,0.72768,0.11724,000.00000000,000.00001669,000.00001907,000.00061089,000.50
Tournament (k=2),Arithmetic,Gaussian,0.52952,0.14625,000.00000000,000.00009103,000.00008392,000.00136772,000.28
Tournament (k=2),Arithmetic,Gaussian,0.47332,0.06384,000.00000000,000.00031092,000.00026894,000.00311546,000.21
Tournament (k=2),Arithmetic,Gaussian,0.47332,0.26861,000.00071907,000.03010838,000.03372097,000.05964588,000.42
Tournament (k=2),Arithmetic,Gaussian,0.43920,0.08894,000.00000000,000.00002921,000.00002670,000.00016141,000.27
Tournament (k=2),Arithmetic,Gaussian,0.63840,0.02945,000.00000000,000.00204394,000.00209808,000.01801877,000.28
Tournament (k=2),Arithmetic,Gaussian,0.51008,0.15456,000.00000000,000.00027111,000.00028706,000.00107544,000.41
Tournament (k=2),Arithmetic,Gaussian,0.48225,0.14625,000.00000000,000.00010059,000.00010204,000.00080378,000.33
Tournament (k=2),Arithmetic,Gaussian,0.72768,0.02361,000.00000000,000.00515418,000.00526524,000.14461574,000.24
Tournament (k=2),Arithmetic,Gaussian,0.49135,0.20375,000.00009537,000.00421081,000.00467587,000.01160781,000.31
Tournament (k=2),Arithmetic,Gaussian,0.76967,0.03476,000.00000000,000.00236213,000.00222301,000.07205276,000.27
Tournament (k=2),Arithmetic,Gaussian,0.63840,0.16334,000.00000000,000.00066142,000.00072765,000.00166867,000.29
Tournament (k=2),Arithmetic,Gaussian,0.56007,0.17262,000.00000763,000.00093205,000.00092602,000.00231264,000.58
Tournament (k=2),Arithmetic,Gaussian,0.61496,0.03882,000.00000000,000.00182180,000.00149536,000.02466139,000.19
Tournament (k=2),Arithmetic,Gaussian,0.47332,0.06746,000.00000000,000.00021479,000.00011253,000.00204431,000.24
Tournament (k=2),Arithmetic,Gaussian,0.59239,0.05118,000.00000000,000.00042706,000.00033092,000.00575137,000.26
Tournament (k=2),Arithmetic,Gaussian,0.43107,0.20375,000.00009346,000.00535228,000.00526428,000.02097844,000.67
Tournament (k=2),Arithmetic,Gaussian,0.75541,0.09399,000.00000000,000.00000575,000.00000381,000.00368887,000.40
Tournament (k=2),Arithmetic,Gaussian,0.71420,0.07130,000.00000000,000.00003390,000.00002766,000.00936207,000.28
Tournament (k=2),Arithmetic,Gaussian,0.54969,0.10497,000.00000000,000.00000651,000.00000381,000.00011293,000.31
Tournament (k=2),Arithmetic,Gaussian,0.47332,0.28387,000.00151825,000.02996287,000.02919197,000.06118949,000.37
Tournament (k=2),Arithmetic,Gaussian,0.70097,0.18243,000.00000763,000.00217776,000.00187969,000.00780476,000.38
Tournament (k=2),Arithmetic,Gaussian,0.40000,0.28387,000.00023270,000.03515320,000.04006863,000.13159220,000.49
Tournament (k=2),Arithmetic,Gaussian,0.46455,0.13839,000.00000000,000.00007558,000.00007248,000.00037039,000.40
Tournament (k=2),Arithmetic,Gaussian,0.52952,0.15456,000.00000000,000.00024426,000.00022221,000.00128546,000.40
Tournament (k=2),Arithmetic,Gaussian,0.45594,0.30000,000.00100708,000.04017572,000.05185127,000.07852048,000.47
Tournament (k=2),Arithmetic,Gaussian,0.49135,0.05118,000.00000000,000.00065429,000.00058651,000.00703322,000.19
Tournament (k=2),Arithmetic,Gaussian,0.53951,0.25416,000.00152397,000.02031427,000.02353764,000.05289836,000.45
Tournament (k=2),Arithmetic,Gaussian,0.58141,0.02495,000.00000000,000.00408232,000.00286961,000.01664618,000.49
Tournament (k=2),Arithmetic,Gaussian,0.72768,0.02495,000.00000000,000.00537262,000.00448799,000.20066105,000.26
Tournament (k=2),Arithmetic,Gaussian,0.51008,0.02945,000.00000000,000.00272202,000.00263405,000.04495397,000.23
Tournament (k=2),Arithmetic,Gaussian,0.48225,0.15456,000.00000000,000.00017681,000.00014687,000.00169325,000.29
Tournament (k=2),Arithmetic,Gaussian,0.40755,0.15456,000.00000000,000.00019987,000.00021267,000.00263082,000.27
Tournament (k=2),Arithmetic,Gaussian,0.41524,0.26861,000.00030327,000.02643755,000.02916336,000.03763939,000.32
Tournament (k=2),Arithmetic,Gaussian,0.59239,0.05408,000.00000000,000.00032141,000.00016022,000.00152617,000.28
Tournament (k=2),Arithmetic,Gaussian,0.68798,0.09399,000.00000000,000.00000331,000.00000191,000.00029797,000.30
Tournament (k=2),Arithmetic,Gaussian,0.51008,0.16334,000.00000381,000.00046351,000.00053978,000.00244837,000.41
Tournament (k=2),Arithmetic,Gaussian,0.40000,0.07535,000.00000000,000.00014088,000.00012875,000.00177561,000.21
Tournament (k=2),Arithmetic,Gaussian,0.67523,0.04582,000.00000000,000.00060613,000.00052929,000.00395108,000.20
Tournament (k=2),Arithmetic,Gaussian,0.51971,0.08415,000.00000000,000.00004718,000.00003910,000.00110930,000.23
Tournament (k=2),Arithmetic,Gaussian,0.43107,0.03289,000.00000000,000.00320957,000.00250816,000.02636115,000.25
Tournament (k=2),Arithmetic,Gaussian,0.74141,0.25416,000.00005341,000.01873872,000.02052498,000.10417523,000.76
Tournament (k=2),Arithmetic,Gaussian,0.66272,0.02234,000.00000000,000.00903575,000.00973988,000.11719567,000.23
Tournament (k=2),Arithmetic,Gaussian,0.58141,0.12391,000.00000000,000.00001268,000.00000763,000.00017840,000.41
Tournament (k=2),Arithmetic,Gaussian,0.41524,0.04582,000.00000000,000.00112963,000.00089836,000.00687095,000.20
Tournament (k=2),Arithmetic,Gaussian,0.62657,0.07963,000.00000000,000.00001781,000.00001240,000.00020003,000.29
Tournament (k=2),Arithmetic,Gaussian,0.70097,0.03476,000.00000000,000.00312691,000.00298786,000.01083437,000.24
Tournament (k=2),Arithmetic,Gaussian,0.65045,0.06746,000.00000000,000.00004551,000.00003719,000.00132632,000.29
Tournament (k=2),Arithmetic,Gaussian,0.42308,0.13839,000.00000000,000.00006266,000.00004768,000.00036505,000.26
Tournament (k=2),Arithmetic,Gaussian,0.45594,0.07130,000.00000000,000.00018654,000.00013733,000.00571698,000.29
Tournament (k=2),Arithmetic,Gaussian,0.57064,0.07535,000.00000000,000.00004413,000.00003052,000.00188976,000.30
Tournament (k=2),Arithmetic,Gaussian,0.52952,0.02495,000.00000000,000.00267551,000.00197792,000.11420354,000.17
Tournament (k=2),Arithmetic,Gaussian,0.56007,0.03476,000.00000000,000.00203571,000.00189781,000.08869232,000.23
Tournament (k=2),Arithmetic,Gaussian,0.60357,0.11724,000.00000000,000.00001519,000.00001526,000.00034690,000.25
Tournament (k=2),Arithmetic,Gaussian,0.74141,0.04582,000.00000000,000.00077510,000.00061607,000.00723107,000.24
Tournament (k=2),Arithmetic,Gaussian,0.66272,0.12391,000.00000000,000.00002918,000.00002766,000.00028517,000.24
Tournament (k=2),Arithmetic,Gaussian,0.59239,0.26861,000.00042534,000.02825050,000.03418159,000.12235506,000.47
Tournament (k=2),Arithmetic,Gaussian,0.58141,0.02637,000.00000000,000.00374098,000.00330734,000.05003236,000.43
Tournament (k=2),Arithmetic,Gaussian,0.61496,0.22757,000.00021362,000.01338322,000.01583195,000.04997825,000.31
Tournament (k=2),Arithmetic,Gaussian,0.43920,0.09399,000.00000000,000.00002792,000.00001907,000.00151458,000.28
Tournament (k=2),Arithmetic,Gaussian,0.44749,0.15456,000.00000191,000.00019658,000.00020313,000.00133762,000.39
Tournament (k=2),Arithmetic,Gaussian,0.61496,0.04103,000.00000000,000.00079234,000.00061512,000.00584960,000.20
Tournament (k=2),Arithmetic,Gaussian,0.44749,0.02786,000.00000000,000.00548584,000.00374413,000.06618813,000.24
Tournament (k=2),Arithmetic,Gaussian,0.76967,0.03673,000.00000000,000.00245984,000.00218868,000.02785634,000.24
Tournament (k=2),Arithmetic,Gaussian,0.47332,0.07130,000.00000000,000.00012786,000.00011253,000.00170922,000.21
Tournament (k=2),Arithmetic,Gaussian,0.75541,0.09933,000.00000000,000.00000377,000.00000381,000.00039704,000.24
Tournament (k=2),Arithmetic,Gaussian,0.71420,0.07535,000.00000000,000.00003848,000.00002098,000.00068462,000.28
Tournament (k=2),Arithmetic,Gaussian,0.50063,0.08894,000.00000000,000.00001507,000.00000763,000.00022059,000.32
Tournament (k=2),Arithmetic,Gaussian,0.49135,0.05408,000.00000000,000.00059206,000.00046062,000.00662379,000.21
Tournament (k=2),Arithmetic,Gaussian,0.54969,0.11094,000.00000000,000.00001090,000.00000763,000.00011613,000.33
Tournament (k=2),Arithmetic,Gaussian,0.58141,0.02786,000.00000000,000.00439684,000.00352573,000.09598150,000.30
Tournament (k=2),Arithmetic,Gaussian,0.52952,0.16334,000.00001144,000.00057590,000.00067043,000.00512997,000.29
Tournament (k=2),Arithmetic,Gaussian,0.46455,0.14625,000.00000000,000.00010219,000.00010872,000.00057988,000.29
Tournament (k=2),Arithmetic,Gaussian,0.47332,0.30000,000.00078964,000.03706954,000.04346943,000.15516564,000.36
Tournament (k=2),Arithmetic,Gaussian,0.56007,0.18243,000.00001717,000.00142930,000.00121689,000.00671705,000.46
Tournament (k=2),Arithmetic,Gaussian,0.43107,0.03476,000.00000000,000.00258107,000.00191593,000.02326901,000.57
